"id","orderDate","totalAmount","status","customer_id"
"1","2024-01-01","1000000 ","","80"
"2","2024-01-01","38000 ","","9"
"3","2024-01-01","429600 ","","82"
"4","2024-01-01","306250 ","","83"
"5","2024-01-01","2245300 ","","9"
"6","2024-01-01","1463000 ","","3"
"7","2024-01-01","591000 ","","70"
"8","2024-01-01","399000 ","","72"
"9","2024-01-01","130000 ","","58"
"10","2024-01-01","1203000 ","","13"
"11","2024-01-01","289400 ","","17"
"12","2024-01-01","190200 ","","91"
"13","2024-01-01","709000 ","","77"
"14","2024-01-01","393000 ","","95"
"15","2024-01-01","400000 ","","27"
"16","2024-01-01","280000 ","","44"
"17","2024-01-01","944000 ","","12"
"18","2024-01-02","458000 ","","59"
"19","2024-01-02","312250 ","","48"
"20","2024-01-02","779000 ","","78"
"21","2024-01-02","270000 ","","4"
"22","2024-01-02","45000 ","","86"
"23","2024-01-02","142000 ","","27"
"24","2024-01-02","210000 ","","85"
"25","2024-01-02","761150 ","","34"
"26","2024-01-02","120000 ","","31"
"27","2024-01-02","370000 ","","29"
"28","2024-01-02","1010750 ","","84"
"29","2024-01-02","60000 ","","54"
"30","2024-01-02","286500 ","","44"
"31","2024-01-02","444000 ","","71"
"32","2024-01-02","150000 ","","66"
"33","2024-01-02","505000 ","","6"
"34","2024-01-02","660000 ","","75"
"35","2024-01-02","396000 ","","24"
"36","2024-01-02","413500 ","","24"
"37","2024-01-02","10000 ","","5"
"38","2024-01-02","219450 ","","93"
"39","2024-01-02","674500 ","","97"
"40","2024-01-03","591000 ","","20"
"41","2024-01-03","1207000 ","","38"
"42","2024-01-03","880000 ","","64"
"43","2024-01-03","289000 ","","84"
"44","2024-01-03","291000 ","","3"
"45","2024-01-03","85750 ","","24"
"46","2024-01-03","718000 ","","18"
"47","2024-01-03","351500 ","","57"
"48","2024-01-03","425000 ","","19"
"49","2024-01-03","414000 ","","62"
"50","2024-01-03","85000 ","","61"
"51","2024-01-03","90500 ","","28"
"52","2024-01-03","1670000 ","","68"
"53","2024-01-03","1940000 ","","50"
"54","2024-01-03","149000 ","","25"
"55","2024-01-03","437000 ","","78"
"56","2024-01-03","0 ","","24"
"57","2024-01-03","369000 ","","24"
"58","2024-01-04","50000 ","","53"
"59","2024-01-04","786600 ","","87"
"60","2024-01-04","51000 ","","76"
"61","2024-01-04","333500 ","","44"
"62","2024-01-04","0 ","","58"
"63","2024-01-04","144000 ","","84"
"64","2024-01-04","65000 ","","43"
"65","2024-01-04","101750 ","","42"
"66","2024-01-04","196000 ","","60"
"67","2024-01-04","979000 ","","68"
"68","2024-01-04","940000 ","","39"
"69","2024-01-04","327000 ","","70"
"70","2024-01-04","1650000 ","","56"
"71","2024-01-04","324000 ","","63"
"72","2024-01-04","291500 ","","24"
"73","2024-01-04","313250 ","","90"
"74","2024-01-04","519000 ","","69"
"75","2024-01-04","218000 ","","100"
"76","2024-01-05","1035000 ","","80"
"77","2024-01-05","482000 ","","81"
"78","2024-01-05","122450 ","","57"
"79","2024-01-05","103000 ","","56"
"80","2024-01-05","202500 ","","50"
"81","2024-01-05","790000 ","","9"
"82","2024-01-05","182000 ","","73"
"83","2024-01-05","74500 ","","8"
"84","2024-01-05","735000 ","","53"
"85","2024-01-06","1315000 ","","6"
"86","2024-01-06","321500 ","","79"
"87","2024-01-06","1046000 ","","46"
"88","2024-01-06","60000 ","","93"
"89","2024-01-06","160000 ","","23"
"90","2024-01-06","654000 ","","50"
"91","2024-01-06","104000 ","","73"
"92","2024-01-06","11200 ","","7"
"93","2024-01-07","250000 ","","82"
"94","2024-01-07","370000 ","","50"
"95","2024-01-07","373000 ","","43"
"96","2024-01-07","513000 ","","63"
"97","2024-01-07","1003500 ","","69"
"98","2024-01-07","106500 ","","99"
"99","2024-01-07","190000 ","","18"
"100","2024-01-07","2190000 ","","82"
"101","2024-01-07","216000 ","","51"
"102","2024-01-07","723000 ","","9"
"103","2024-01-07","1564300 ","","57"
"104","2024-01-07","262000 ","","57"
"105","2024-01-07","1200000 ","","96"
"106","2024-01-07","828000 ","","32"
"107","2024-01-07","1582500 ","","72"
"108","2024-01-07","370000 ","","45"
"109","2024-01-07","181250 ","","98"
"110","2024-01-08","392250 ","","14"
"111","2024-01-08","975450 ","","27"
"112","2024-01-08","270000 ","","20"
"113","2024-01-08","582000 ","","42"
"114","2024-01-08","485450 ","","45"
"115","2024-01-08","147150 ","","91"
"116","2024-01-08","340000 ","","97"
"117","2024-01-08","250250 ","","95"
"118","2024-01-08","118000 ","","25"
"119","2024-01-08","180000 ","","46"
"120","2024-01-08","91000 ","","42"
"121","2024-01-08","930000 ","","59"
"122","2024-01-08","1421600 ","","97"
"123","2024-01-08","25000 ","","67"
"124","2024-01-08","351750 ","","52"
"125","2024-01-09","300000 ","","34"
"126","2024-01-09","216000 ","","39"
"127","2024-01-09","1853000 ","","39"
"128","2024-01-09","98750 ","","6"
"129","2024-01-09","1290000 ","","43"
"130","2024-01-09","215000 ","","19"
"131","2024-01-09","25150 ","","30"
"132","2024-01-09","549800 ","","29"
"133","2024-01-09","407500 ","","12"
"134","2024-01-09","610000 ","","69"
"135","2024-01-09","184450 ","","80"
"136","2024-01-09","240000 ","","14"
"137","2024-01-09","130000 ","","91"
"138","2024-01-10","420150 ","","8"
"139","2024-01-10","10000 ","","60"
"140","2024-01-10","1378450 ","","27"
"141","2024-01-10","1973000 ","","16"
"142","2024-01-10","450000 ","","41"
"143","2024-01-10","115000 ","","14"
"144","2024-01-10","446500 ","","82"
"145","2024-01-10","114500 ","","78"
"146","2024-01-10","867300 ","","18"
"147","2024-01-10","151500 ","","34"
"148","2024-01-10","252150 ","","32"
"149","2024-01-10","270000 ","","85"
"150","2024-01-10","195000 ","","32"
"151","2024-01-10","1060000 ","","51"
"152","2024-01-10","872000 ","","1"
"153","2024-01-10","279400 ","","88"
"154","2024-01-10","301000 ","","50"
"155","2024-01-11","306000 ","","5"
"156","2024-01-11","800000 ","","75"
"157","2024-01-11","213000 ","","53"
"158","2024-01-11","220000 ","","51"
"159","2024-01-11","331600 ","","18"
"160","2024-01-11","130000 ","","74"
"161","2024-01-11","521500 ","","37"
"162","2024-01-11","1463000 ","","18"
"163","2024-01-11","323600 ","","75"
"164","2024-01-11","1023500 ","","15"
"165","2024-01-11","413500 ","","86"
"166","2024-01-11","630000 ","","3"
"167","2024-01-11","1866000 ","","96"
"168","2024-01-11","316500 ","","35"
"169","2024-01-11","315000 ","","72"
"170","2024-01-11","93000 ","","9"
"171","2024-01-11","31000 ","","73"
"172","2024-01-11","910000 ","","10"
"173","2024-01-12","330000 ","","54"
"174","2024-01-12","8000 ","","83"
"175","2024-01-12","155000 ","","3"
"176","2024-01-12","281000 ","","25"
"177","2024-01-12","105000 ","","93"
"178","2024-01-12","410000 ","","54"
"179","2024-01-12","470500 ","","68"
"180","2024-01-12","455000 ","","57"
"181","2024-01-12","504000 ","","37"
"182","2024-01-12","102100 ","","91"
"183","2024-01-12","72250 ","","48"
"184","2024-01-12","328000 ","","42"
"185","2024-01-12","504000 ","","90"
"186","2024-01-12","100000 ","","99"
"187","2024-01-12","266500 ","","27"
"188","2024-01-12","1516000 ","","89"
"189","2024-01-12","1416000 ","","21"
"190","2024-01-12","390000 ","","52"
"191","2024-01-13","300000 ","","59"
"192","2024-01-13","230400 ","","94"
"193","2024-01-13","210000 ","","82"
"194","2024-01-13","240000 ","","52"
"195","2024-01-13","100000 ","","96"
"196","2024-01-13","257500 ","","9"
"197","2024-01-13","154250 ","","52"
"198","2024-01-13","88000 ","","98"
"199","2024-01-13","570000 ","","49"
"200","2024-01-13","149000 ","","55"
"201","2024-01-13","1416000 ","","87"
"202","2024-01-13","205000 ","","74"
"203","2024-01-13","1960150 ","","24"
"204","2024-01-13","502000 ","","17"
"205","2024-01-13","1000000 ","","57"
"206","2024-01-13","1033500 ","","24"
"207","2024-01-13","189000 ","","72"
"208","2024-01-13","194000 ","","43"
"209","2024-01-13","450600 ","","49"
"210","2024-01-13","519400 ","","33"
"211","2024-01-13","68000 ","","16"
"212","2024-01-14","28000 ","","72"
"213","2024-01-14","1681000 ","","61"
"214","2024-01-14","1722100 ","","56"
"215","2024-01-14","300000 ","","91"
"216","2024-01-14","260000 ","","12"
"217","2024-01-14","654500 ","","43"
"218","2024-01-14","602500 ","","82"
"219","2024-01-14","1430000 ","","53"
"220","2024-01-14","389000 ","","36"
"221","2024-01-14","133000 ","","55"
"222","2024-01-14","180750 ","","92"
"223","2024-01-14","1378250 ","","97"
"224","2024-01-14","1700000 ","","91"
"225","2024-01-14","166000 ","","71"
"226","2024-01-14","90000 ","","67"
"227","2024-01-14","260000 ","","25"
"228","2024-01-14","360000 ","","100"
"229","2024-01-14","275000 ","","100"
"230","2024-01-15","770150 ","","80"
"231","2024-01-15","1228000 ","","19"
"232","2024-01-15","700000 ","","78"
"233","2024-01-15","205000 ","","74"
"234","2024-01-15","606000 ","","45"
"235","2024-01-15","124400 ","","27"
"236","2024-01-15","588000 ","","77"
"237","2024-01-15","909000 ","","3"
"238","2024-01-15","99000 ","","32"
"239","2024-01-15","140000 ","","96"
"240","2024-01-15","101000 ","","60"
"241","2024-01-15","281000 ","","65"
"242","2024-01-15","968500 ","","14"
"243","2024-01-16","200000 ","","97"
"244","2024-01-16","1437000 ","","76"
"245","2024-01-16","414000 ","","22"
"246","2024-01-16","182000 ","","88"
"247","2024-01-16","850500 ","","57"
"248","2024-01-16","70000 ","","16"
"249","2024-01-16","250000 ","","63"
"250","2024-01-16","169000 ","","98"
"251","2024-01-16","1204000 ","","99"
"252","2024-01-16","9000 ","","17"
"253","2024-01-16","1411500 ","","13"
"254","2024-01-16","274000 ","","53"
"255","2024-01-16","603450 ","","34"
"256","2024-01-16","1320000 ","","62"
"257","2024-01-16","597000 ","","50"
"258","2024-01-16","1090000 ","","32"
"259","2024-01-16","430000 ","","100"
"260","2024-01-17","600000 ","","20"
"261","2024-01-17","1110400 ","","73"
"262","2024-01-17","286250 ","","57"
"263","2024-01-17","521000 ","","42"
"264","2024-01-17","800500 ","","16"
"265","2024-01-17","2121500 ","","47"
"266","2024-01-17","1661500 ","","94"
"267","2024-01-17","675500 ","","35"
"268","2024-01-17","570500 ","","62"
"269","2024-01-17","490000 ","","83"
"270","2024-01-17","100600 ","","73"
"271","2024-01-18","1804800 ","","96"
"272","2024-01-18","323600 ","","52"
"273","2024-01-18","389000 ","","41"
"274","2024-01-18","771500 ","","13"
"275","2024-01-18","560000 ","","51"
"276","2024-01-18","660000 ","","68"
"277","2024-01-18","280000 ","","38"
"278","2024-01-18","145000 ","","81"
"279","2024-01-18","560000 ","","32"
"280","2024-01-18","943000 ","","95"
"281","2024-01-18","431500 ","","38"
"282","2024-01-18","104500 ","","11"
"283","2024-01-18","275750 ","","70"
"284","2024-01-18","189000 ","","61"
"285","2024-01-18","784450 ","","98"
"286","2024-01-18","3650 ","","84"
"287","2024-01-18","475250 ","","78"
"288","2024-01-18","245000 ","","20"
"289","2024-01-18","623000 ","","41"
"290","2024-01-18","404000 ","","45"
"291","2024-01-19","1370000 ","","20"
"292","2024-01-19","1005600 ","","70"
"293","2024-01-19","800000 ","","21"
"294","2024-01-19","107000 ","","100"
"295","2024-01-19","790450 ","","40"
"296","2024-01-19","44000 ","","72"
"297","2024-01-19","1849000 ","","90"
"298","2024-01-19","2000 ","","78"
"299","2024-01-19","102000 ","","85"
"300","2024-01-19","1650000 ","","53"
"301","2024-01-19","256500 ","","36"
"302","2024-01-19","573800 ","","96"
"303","2024-01-19","433000 ","","74"
"304","2024-01-19","790000 ","","29"
"305","2024-01-19","1353000 ","","60"
"306","2024-01-19","242000 ","","13"
"307","2024-01-19","256000 ","","64"
"308","2024-01-20","250000 ","","40"
"309","2024-01-20","1666000 ","","35"
"310","2024-01-20","109000 ","","22"
"311","2024-01-20","750000 ","","88"
"312","2024-01-20","510500 ","","40"
"313","2024-01-20","634000 ","","95"
"314","2024-01-20","190450 ","","22"
"315","2024-01-20","645000 ","","17"
"316","2024-01-20","435500 ","","89"
"317","2024-01-20","329000 ","","90"
"318","2024-01-20","970000 ","","9"
"319","2024-01-20","110000 ","","26"
"320","2024-01-20","355000 ","","96"
"321","2024-01-20","504000 ","","3"
"322","2024-01-20","219000 ","","19"
"323","2024-01-20","34500 ","","11"
"324","2024-01-20","235500 ","","44"
"325","2024-01-20","390000 ","","70"
"326","2024-01-20","196250 ","","99"
"327","2024-01-20","120250 ","","22"
"328","2024-01-21","122000 ","","41"
"329","2024-01-21","387150 ","","41"
"330","2024-01-21","601500 ","","18"
"331","2024-01-21","131500 ","","6"
"332","2024-01-21","4000 ","","42"
"333","2024-01-21","30000 ","","36"
"334","2024-01-21","16450 ","","84"
"335","2024-01-21","1865250 ","","72"
"336","2024-01-21","969150 ","","1"
"337","2024-01-21","200300 ","","41"
"338","2024-01-21","793000 ","","63"
"339","2024-01-21","435000 ","","57"
"340","2024-01-21","457000 ","","88"
"341","2024-01-21","2855000 ","","44"
"342","2024-01-21","324000 ","","97"
"343","2024-01-21","990500 ","","5"
"344","2024-01-21","38000 ","","63"
"345","2024-01-22","296000 ","","98"
"346","2024-01-22","1008000 ","","42"
"347","2024-01-22","400000 ","","36"
"348","2024-01-22","118000 ","","75"
"349","2024-01-22","616400 ","","24"
"350","2024-01-22","1500000 ","","76"
"351","2024-01-22","207000 ","","79"
"352","2024-01-22","12000 ","","91"
"353","2024-01-22","6000 ","","33"
"354","2024-01-22","610000 ","","32"
"355","2024-01-22","183000 ","","23"
"356","2024-01-22","41500 ","","51"
"357","2024-01-22","327500 ","","54"
"358","2024-01-22","157000 ","","21"
"359","2024-01-22","451000 ","","22"
"360","2024-01-22","2608000 ","","4"
"361","2024-01-22","1351000 ","","68"
"362","2024-01-22","861000 ","","79"
"363","2024-01-22","155000 ","","84"
"364","2024-01-22","140000 ","","51"
"365","2024-01-22","220000 ","","11"
"366","2024-01-22","195000 ","","32"
"367","2024-01-22","320000 ","","7"
"368","2024-01-22","94500 ","","100"
"369","2024-01-23","630400 ","","77"
"370","2024-01-23","306000 ","","30"
"371","2024-01-23","3000 ","","99"
"372","2024-01-23","15500 ","","81"
"373","2024-01-23","117500 ","","23"
"374","2024-01-23","316300 ","","53"
"375","2024-01-23","43850 ","","13"
"376","2024-01-23","0 ","","65"
"377","2024-01-23","133000 ","","77"
"378","2024-01-23","472000 ","","95"
"379","2024-01-23","952000 ","","86"
"380","2024-01-23","980000 ","","97"
"381","2024-01-23","188000 ","","7"
"382","2024-01-23","1656000 ","","35"
"383","2024-01-23","1969000 ","","75"
"384","2024-01-23","241000 ","","12"
"385","2024-01-23","335000 ","","72"
"386","2024-01-24","56100 ","","73"
"387","2024-01-24","1400000 ","","67"
"388","2024-01-24","1000 ","","97"
"389","2024-01-24","713000 ","","46"
"390","2024-01-24","522150 ","","80"
"391","2024-01-24","460000 ","","36"
"392","2024-01-24","64500 ","","33"
"393","2024-01-24","17000 ","","57"
"394","2024-01-24","176000 ","","76"
"395","2024-01-25","661000 ","","35"
"396","2024-01-25","728950 ","","96"
"397","2024-01-25","373000 ","","17"
"398","2024-01-25","1028000 ","","40"
"399","2024-01-25","238900 ","","65"
"400","2024-01-25","373000 ","","80"
"401","2024-01-25","10000 ","","20"
"402","2024-01-25","0 ","","89"
"403","2024-01-25","690000 ","","72"
"404","2024-01-25","78000 ","","17"
"405","2024-01-26","635550 ","","77"
"406","2024-01-26","310150 ","","80"
"407","2024-01-26","450000 ","","21"
"408","2024-01-26","694950 ","","65"
"409","2024-01-26","584500 ","","67"
"410","2024-01-26","94600 ","","67"
"411","2024-01-26","435000 ","","64"
"412","2024-01-26","63000 ","","6"
"413","2024-01-26","548000 ","","53"
"414","2024-01-26","826450 ","","16"
"415","2024-01-27","1067000 ","","80"
"416","2024-01-27","20000 ","","13"
"417","2024-01-27","469000 ","","83"
"418","2024-01-27","122250 ","","34"
"419","2024-01-27","288000 ","","4"
"420","2024-01-27","84000 ","","50"
"421","2024-01-27","2161000 ","","26"
"422","2024-01-27","584000 ","","77"
"423","2024-01-27","691000 ","","59"
"424","2024-01-27","150000 ","","59"
"425","2024-01-27","239000 ","","37"
"426","2024-01-27","527500 ","","56"
"427","2024-01-27","1908000 ","","97"
"428","2024-01-27","961000 ","","90"
"429","2024-01-27","1825000 ","","54"
"430","2024-01-28","1615000 ","","23"
"431","2024-01-28","173500 ","","73"
"432","2024-01-28","3000 ","","12"
"433","2024-01-28","480000 ","","47"
"434","2024-01-28","427500 ","","30"
"435","2024-01-28","878750 ","","85"
"436","2024-01-28","130000 ","","41"
"437","2024-01-28","750000 ","","99"
"438","2024-01-28","670000 ","","52"
"439","2024-01-28","406000 ","","82"
"440","2024-01-28","2060000 ","","77"
"441","2024-01-28","494000 ","","44"
"442","2024-01-28","158150 ","","68"
"443","2024-01-28","308750 ","","25"
"444","2024-01-28","37000 ","","13"
"445","2024-01-28","90000 ","","88"
"446","2024-01-28","599000 ","","78"
"447","2024-01-29","246000 ","","49"
"448","2024-01-29","452000 ","","9"
"449","2024-01-29","470000 ","","29"
"450","2024-01-29","220000 ","","82"
"451","2024-01-29","530000 ","","29"
"452","2024-01-29","1000 ","","67"
"453","2024-01-29","580000 ","","74"
"454","2024-01-29","158000 ","","13"
"455","2024-01-29","205300 ","","77"
"456","2024-01-29","30000 ","","65"
"457","2024-01-29","116000 ","","74"
"458","2024-01-29","60000 ","","34"
"459","2024-01-29","110000 ","","88"
"460","2024-01-29","70000 ","","31"
"461","2024-01-29","340000 ","","51"
"462","2024-01-29","190500 ","","65"
"463","2024-01-29","478000 ","","57"
"464","2024-01-29","422000 ","","57"
"465","2024-01-29","139000 ","","37"
"466","2024-01-29","785000 ","","48"
"467","2024-01-29","368000 ","","75"
"468","2024-01-29","239000 ","","53"
"469","2024-01-29","318400 ","","92"
"470","2024-01-30","1009000 ","","73"
"471","2024-01-30","271000 ","","35"
"472","2024-01-30","881500 ","","77"
"473","2024-01-30","393000 ","","55"
"474","2024-01-30","200000 ","","74"
"475","2024-01-30","1316000 ","","54"
"476","2024-01-30","134000 ","","29"
"477","2024-01-30","1620000 ","","12"
"478","2024-01-31","100500 ","","65"
"479","2024-01-31","67000 ","","65"
"480","2024-01-31","749000 ","","79"
"481","2024-01-31","162000 ","","49"
"482","2024-01-31","340000 ","","39"
"483","2024-01-31","755000 ","","34"
"484","2024-01-31","7000 ","","82"
"485","2024-01-31","1240000 ","","78"
"486","2024-01-31","315000 ","","50"
"487","2024-01-31","1790000 ","","24"
"488","2024-01-31","30000 ","","70"
"489","2024-01-31","665000 ","","45"
"490","2024-01-31","20200 ","","38"
"491","2024-01-31","570000 ","","24"
"492","2024-01-31","158200 ","","76"
"493","2024-02-01","260750 ","","57"
"494","2024-02-01","327000 ","","77"
"495","2024-02-01","74100 ","","81"
"496","2024-02-01","45600 ","","97"
"497","2024-02-01","610500 ","","43"
"498","2024-02-01","1954700 ","","45"
"499","2024-02-01","333000 ","","34"
"500","2024-02-01","995000 ","","61"
"501","2024-02-01","470000 ","","85"
"502","2024-02-01","878600 ","","83"
"503","2024-02-01","726600 ","","27"
"504","2024-02-01","920600 ","","3"
"505","2024-02-01","1734000 ","","46"
"506","2024-02-01","1760000 ","","16"
"507","2024-02-01","1200450 ","","65"
"508","2024-02-01","99450 ","","25"
"509","2024-02-01","163000 ","","29"
"510","2024-02-01","204000 ","","52"
"511","2024-02-01","204000 ","","24"
"512","2024-02-01","255400 ","","66"
"513","2024-02-01","137200 ","","26"
"514","2024-02-01","79000 ","","64"
"515","2024-02-02","718000 ","","2"
"516","2024-02-02","165000 ","","78"
"517","2024-02-02","310000 ","","50"
"518","2024-02-02","145000 ","","13"
"519","2024-02-02","320000 ","","24"
"520","2024-02-02","240300 ","","36"
"521","2024-02-02","2000 ","","54"
"522","2024-02-02","79000 ","","42"
"523","2024-02-02","590000 ","","12"
"524","2024-02-02","801500 ","","96"
"525","2024-02-02","255000 ","","92"
"526","2024-02-02","606000 ","","77"
"527","2024-02-02","459000 ","","83"
"528","2024-02-03","19000 ","","89"
"529","2024-02-03","181650 ","","51"
"530","2024-02-03","396000 ","","11"
"531","2024-02-03","1155000 ","","22"
"532","2024-02-03","379000 ","","60"
"533","2024-02-03","261500 ","","5"
"534","2024-02-03","1438000 ","","20"
"535","2024-02-03","111000 ","","11"
"536","2024-02-03","487000 ","","6"
"537","2024-02-03","735000 ","","21"
"538","2024-02-03","1720000 ","","4"
"539","2024-02-03","1623000 ","","56"
"540","2024-02-03","324000 ","","4"
"541","2024-02-04","445000 ","","38"
"542","2024-02-04","310000 ","","65"
"543","2024-02-04","190000 ","","32"
"544","2024-02-04","1198000 ","","6"
"545","2024-02-04","460000 ","","7"
"546","2024-02-04","361000 ","","87"
"547","2024-02-04","534000 ","","16"
"548","2024-02-04","191000 ","","5"
"549","2024-02-04","1270000 ","","33"
"550","2024-02-04","1910000 ","","83"
"551","2024-02-04","715000 ","","21"
"552","2024-02-04","400500 ","","21"
"553","2024-02-05","282500 ","","63"
"554","2024-02-05","182150 ","","88"
"555","2024-02-05","1055000 ","","29"
"556","2024-02-05","118000 ","","79"
"557","2024-02-05","607700 ","","72"
"558","2024-02-05","305150 ","","78"
"559","2024-02-05","372000 ","","16"
"560","2024-02-05","390000 ","","67"
"561","2024-02-05","180000 ","","60"
"562","2024-02-05","256000 ","","88"
"563","2024-02-05","1071400 ","","93"
"564","2024-02-05","525000 ","","47"
"565","2024-02-05","184500 ","","79"
"566","2024-02-05","416250 ","","2"
"567","2024-02-05","484200 ","","52"
"568","2024-02-05","1057000 ","","16"
"569","2024-02-05","1500 ","","3"
"570","2024-02-05","305500 ","","15"
"571","2024-02-06","616000 ","","11"
"572","2024-02-06","756000 ","","77"
"573","2024-02-06","1570000 ","","70"
"574","2024-02-06","229000 ","","87"
"575","2024-02-06","1374000 ","","11"
"576","2024-02-06","231000 ","","82"
"577","2024-02-06","2184000 ","","23"
"578","2024-02-06","12400 ","","99"
"579","2024-02-06","310300 ","","87"
"580","2024-02-06","352000 ","","48"
"581","2024-02-06","20000 ","","69"
"582","2024-02-06","1053000 ","","84"
"583","2024-02-07","476250 ","","38"
"584","2024-02-07","231000 ","","29"
"585","2024-02-07","715000 ","","30"
"586","2024-02-07","63450 ","","60"
"587","2024-02-07","252000 ","","57"
"588","2024-02-07","320000 ","","52"
"589","2024-02-07","76000 ","","4"
"590","2024-02-07","673000 ","","91"
"591","2024-02-07","744000 ","","51"
"592","2024-02-08","570000 ","","11"
"593","2024-02-08","714000 ","","41"
"594","2024-02-08","250000 ","","66"
"595","2024-02-08","565000 ","","73"
"596","2024-02-08","163500 ","","53"
"597","2024-02-08","3650 ","","29"
"598","2024-02-08","1271000 ","","44"
"599","2024-02-08","85000 ","","81"
"600","2024-02-08","145000 ","","9"
"601","2024-02-08","80000 ","","13"
"602","2024-02-08","715000 ","","51"
"603","2024-02-08","210000 ","","8"
"604","2024-02-08","1996000 ","","40"
"605","2024-02-08","445000 ","","60"
"606","2024-02-08","11500 ","","5"
"607","2024-02-08","47200 ","","54"
"608","2024-02-08","586000 ","","98"
"609","2024-02-09","3000 ","","3"
"610","2024-02-09","1190000 ","","22"
"611","2024-02-09","1260000 ","","19"
"612","2024-02-09","287500 ","","68"
"613","2024-02-09","784000 ","","87"
"614","2024-02-09","191000 ","","35"
"615","2024-02-09","1629000 ","","86"
"616","2024-02-09","2235000 ","","64"
"617","2024-02-09","595000 ","","68"
"618","2024-02-09","151000 ","","63"
"619","2024-02-09","62250 ","","12"
"620","2024-02-09","710000 ","","39"
"621","2024-02-09","590000 ","","91"
"622","2024-02-09","260000 ","","69"
"623","2024-02-09","61000 ","","82"
"624","2024-02-09","134000 ","","28"
"625","2024-02-10","50000 ","","9"
"626","2024-02-10","120000 ","","80"
"627","2024-02-10","199600 ","","67"
"628","2024-02-10","50000 ","","54"
"629","2024-02-10","306000 ","","2"
"630","2024-02-10","220200 ","","26"
"631","2024-02-10","631000 ","","88"
"632","2024-02-10","405000 ","","23"
"633","2024-02-10","326000 ","","99"
"634","2024-02-10","1830750 ","","51"
"635","2024-02-10","97500 ","","95"
"636","2024-02-10","305200 ","","34"
"637","2024-02-10","423000 ","","95"
"638","2024-02-10","163000 ","","27"
"639","2024-02-11","1174000 ","","20"
"640","2024-02-11","1055000 ","","12"
"641","2024-02-11","741000 ","","26"
"642","2024-02-11","0 ","","46"
"643","2024-02-11","1426000 ","","42"
"644","2024-02-11","117000 ","","44"
"645","2024-02-11","20450 ","","20"
"646","2024-02-11","613000 ","","72"
"647","2024-02-11","285600 ","","50"
"648","2024-02-11","2049500 ","","98"
"649","2024-02-11","30000 ","","42"
"650","2024-02-11","154500 ","","3"
"651","2024-02-11","0 ","","61"
"652","2024-02-11","300000 ","","47"
"653","2024-02-11","155000 ","","56"
"654","2024-02-11","356000 ","","18"
"655","2024-02-12","1744250 ","","11"
"656","2024-02-12","110000 ","","62"
"657","2024-02-12","1219150 ","","14"
"658","2024-02-12","770000 ","","50"
"659","2024-02-12","106000 ","","42"
"660","2024-02-12","516000 ","","80"
"661","2024-02-12","71000 ","","39"
"662","2024-02-12","236650 ","","94"
"663","2024-02-12","338000 ","","43"
"664","2024-02-12","555000 ","","51"
"665","2024-02-12","4500 ","","15"
"666","2024-02-12","810000 ","","63"
"667","2024-02-12","20000 ","","68"
"668","2024-02-12","436450 ","","3"
"669","2024-02-12","300000 ","","23"
"670","2024-02-12","730000 ","","32"
"671","2024-02-12","210000 ","","46"
"672","2024-02-12","1039000 ","","63"
"673","2024-02-13","1252000 ","","49"
"674","2024-02-13","230000 ","","98"
"675","2024-02-13","608000 ","","8"
"676","2024-02-13","224000 ","","78"
"677","2024-02-13","256000 ","","76"
"678","2024-02-13","550750 ","","35"
"679","2024-02-13","333000 ","","25"
"680","2024-02-13","139000 ","","11"
"681","2024-02-13","125900 ","","8"
"682","2024-02-13","451500 ","","59"
"683","2024-02-14","98300 ","","36"
"684","2024-02-14","2004000 ","","50"
"685","2024-02-14","382000 ","","10"
"686","2024-02-14","144000 ","","19"
"687","2024-02-14","395000 ","","84"
"688","2024-02-14","500000 ","","65"
"689","2024-02-14","501500 ","","69"
"690","2024-02-14","981000 ","","21"
"691","2024-02-14","225000 ","","66"
"692","2024-02-14","330000 ","","59"
"693","2024-02-14","401500 ","","15"
"694","2024-02-14","190000 ","","74"
"695","2024-02-14","300000 ","","40"
"696","2024-02-14","23000 ","","41"
"697","2024-02-14","920600 ","","21"
"698","2024-02-14","303000 ","","48"
"699","2024-02-14","160000 ","","80"
"700","2024-02-15","102600 ","","39"
"701","2024-02-15","115600 ","","30"
"702","2024-02-15","848450 ","","82"
"703","2024-02-15","1044000 ","","37"
"704","2024-02-15","260000 ","","14"
"705","2024-02-15","211150 ","","12"
"706","2024-02-15","1747000 ","","83"
"707","2024-02-15","1800000 ","","13"
"708","2024-02-15","761000 ","","11"
"709","2024-02-15","75000 ","","50"
"710","2024-02-15","949000 ","","82"
"711","2024-02-15","790300 ","","26"
"712","2024-02-15","245000 ","","31"
"713","2024-02-15","651000 ","","23"
"714","2024-02-15","231000 ","","100"
"715","2024-02-16","273000 ","","12"
"716","2024-02-16","510200 ","","9"
"717","2024-02-16","610200 ","","12"
"718","2024-02-16","128000 ","","41"
"719","2024-02-16","1000 ","","100"
"720","2024-02-16","254000 ","","34"
"721","2024-02-16","310600 ","","45"
"722","2024-02-16","1060150 ","","88"
"723","2024-02-16","1494000 ","","69"
"724","2024-02-16","135200 ","","64"
"725","2024-02-16","67300 ","","75"
"726","2024-02-16","249000 ","","11"
"727","2024-02-16","680000 ","","75"
"728","2024-02-16","241000 ","","65"
"729","2024-02-17","2340000 ","","64"
"730","2024-02-17","54000 ","","15"
"731","2024-02-17","1233000 ","","94"
"732","2024-02-17","386000 ","","28"
"733","2024-02-17","204000 ","","2"
"734","2024-02-17","588000 ","","4"
"735","2024-02-17","1180000 ","","99"
"736","2024-02-17","250000 ","","6"
"737","2024-02-17","162000 ","","97"
"738","2024-02-17","1480000 ","","75"
"739","2024-02-17","440000 ","","53"
"740","2024-02-17","630000 ","","29"
"741","2024-02-17","1695000 ","","49"
"742","2024-02-17","982250 ","","71"
"743","2024-02-17","1371750 ","","2"
"744","2024-02-17","1715000 ","","4"
"745","2024-02-17","70500 ","","30"
"746","2024-02-18","210000 ","","15"
"747","2024-02-18","1260000 ","","43"
"748","2024-02-18","307000 ","","18"
"749","2024-02-18","88000 ","","97"
"750","2024-02-18","819000 ","","100"
"751","2024-02-18","918000 ","","26"
"752","2024-02-18","1429000 ","","14"
"753","2024-02-18","377500 ","","30"
"754","2024-02-18","540000 ","","10"
"755","2024-02-18","1330450 ","","40"
"756","2024-02-19","2049000 ","","13"
"757","2024-02-19","87000 ","","14"
"758","2024-02-19","35500 ","","62"
"759","2024-02-19","590000 ","","72"
"760","2024-02-19","1098400 ","","93"
"761","2024-02-19","11000 ","","22"
"762","2024-02-19","868500 ","","79"
"763","2024-02-19","839250 ","","38"
"764","2024-02-19","106000 ","","91"
"765","2024-02-19","414500 ","","31"
"766","2024-02-19","542650 ","","70"
"767","2024-02-19","143000 ","","89"
"768","2024-02-19","316500 ","","90"
"769","2024-02-19","70000 ","","42"
"770","2024-02-19","857150 ","","85"
"771","2024-02-19","43000 ","","74"
"772","2024-02-19","600000 ","","14"
"773","2024-02-19","219000 ","","33"
"774","2024-02-19","760000 ","","85"
"775","2024-02-20","1260000 ","","40"
"776","2024-02-20","641150 ","","57"
"777","2024-02-20","273000 ","","25"
"778","2024-02-20","39000 ","","87"
"779","2024-02-20","1064500 ","","33"
"780","2024-02-20","1682000 ","","48"
"781","2024-02-20","332000 ","","81"
"782","2024-02-20","253000 ","","30"
"783","2024-02-20","396500 ","","34"
"784","2024-02-20","1605000 ","","49"
"785","2024-02-20","1781000 ","","81"
"786","2024-02-20","526000 ","","95"
"787","2024-02-20","700000 ","","1"
"788","2024-02-21","1153000 ","","75"
"789","2024-02-21","116000 ","","85"
"790","2024-02-21","266000 ","","76"
"791","2024-02-21","1210000 ","","37"
"792","2024-02-21","290000 ","","62"
"793","2024-02-21","490000 ","","65"
"794","2024-02-21","345000 ","","99"
"795","2024-02-21","410000 ","","20"
"796","2024-02-21","499000 ","","64"
"797","2024-02-21","0 ","","30"
"798","2024-02-21","317500 ","","96"
"799","2024-02-22","120000 ","","60"
"800","2024-02-22","80000 ","","82"
"801","2024-02-22","537500 ","","86"
"802","2024-02-22","820000 ","","94"
"803","2024-02-22","10000 ","","2"
"804","2024-02-22","163000 ","","90"
"805","2024-02-22","941000 ","","45"
"806","2024-02-22","650000 ","","75"
"807","2024-02-22","251500 ","","49"
"808","2024-02-22","1070000 ","","32"
"809","2024-02-22","370000 ","","26"
"810","2024-02-22","515000 ","","38"
"811","2024-02-22","1900000 ","","47"
"812","2024-02-22","194000 ","","87"
"813","2024-02-22","322150 ","","85"
"814","2024-02-22","411000 ","","76"
"815","2024-02-22","230000 ","","33"
"816","2024-02-22","141000 ","","3"
"817","2024-02-22","21000 ","","85"
"818","2024-02-22","13000 ","","96"
"819","2024-02-23","263000 ","","5"
"820","2024-02-23","1584000 ","","57"
"821","2024-02-23","2263000 ","","32"
"822","2024-02-23","368000 ","","61"
"823","2024-02-23","17000 ","","65"
"824","2024-02-23","135000 ","","70"
"825","2024-02-23","484750 ","","33"
"826","2024-02-23","1915000 ","","37"
"827","2024-02-23","870000 ","","26"
"828","2024-02-23","160750 ","","85"
"829","2024-02-23","700450 ","","35"
"830","2024-02-23","340500 ","","55"
"831","2024-02-23","245500 ","","62"
"832","2024-02-23","250000 ","","34"
"833","2024-02-23","410000 ","","98"
"834","2024-02-23","434000 ","","96"
"835","2024-02-24","643000 ","","4"
"836","2024-02-24","1061500 ","","11"
"837","2024-02-24","344000 ","","14"
"838","2024-02-24","1233000 ","","27"
"839","2024-02-24","765000 ","","6"
"840","2024-02-24","494000 ","","67"
"841","2024-02-24","265000 ","","81"
"842","2024-02-24","80000 ","","73"
"843","2024-02-24","640500 ","","49"
"844","2024-02-24","1014100 ","","71"
"845","2024-02-24","36000 ","","49"
"846","2024-02-25","15450 ","","32"
"847","2024-02-25","314000 ","","49"
"848","2024-02-25","270000 ","","78"
"849","2024-02-25","181300 ","","75"
"850","2024-02-25","290000 ","","86"
"851","2024-02-25","1402000 ","","93"
"852","2024-02-25","57000 ","","33"
"853","2024-02-25","1329000 ","","32"
"854","2024-02-25","206000 ","","55"
"855","2024-02-25","1243500 ","","70"
"856","2024-02-25","198000 ","","74"
"857","2024-02-25","102000 ","","87"
"858","2024-02-26","640750 ","","67"
"859","2024-02-26","1628000 ","","60"
"860","2024-02-26","1572300 ","","60"
"861","2024-02-26","12300 ","","44"
"862","2024-02-26","215000 ","","18"
"863","2024-02-26","138500 ","","84"
"864","2024-02-26","24500 ","","18"
"865","2024-02-26","187000 ","","42"
"866","2024-02-26","160000 ","","41"
"867","2024-02-26","462000 ","","45"
"868","2024-02-26","1301500 ","","14"
"869","2024-02-26","113450 ","","83"
"870","2024-02-26","193250 ","","90"
"871","2024-02-26","1054000 ","","56"
"872","2024-02-26","399750 ","","42"
"873","2024-02-26","1260000 ","","48"
"874","2024-02-26","459000 ","","72"
"875","2024-02-26","346500 ","","92"
"876","2024-02-26","330150 ","","88"
"877","2024-02-26","311000 ","","81"
"878","2024-02-26","351000 ","","55"
"879","2024-02-26","941000 ","","51"
"880","2024-02-26","204000 ","","100"
"881","2024-02-26","1277150 ","","78"
"882","2024-02-27","410000 ","","39"
"883","2024-02-27","100600 ","","43"
"884","2024-02-27","765000 ","","63"
"885","2024-02-27","262000 ","","87"
"886","2024-02-27","1460000 ","","92"
"887","2024-02-27","322000 ","","1"
"888","2024-02-27","1500000 ","","35"
"889","2024-02-27","389000 ","","22"
"890","2024-02-27","3134500 ","","11"
"891","2024-02-27","893250 ","","79"
"892","2024-02-27","741450 ","","34"
"893","2024-02-27","1293000 ","","72"
"894","2024-02-27","979600 ","","97"
"895","2024-02-27","866000 ","","96"
"896","2024-02-27","2130000 ","","50"
"897","2024-02-28","206400 ","","87"
"898","2024-02-28","788000 ","","13"
"899","2024-02-28","165000 ","","14"
"900","2024-02-28","1041000 ","","87"
"901","2024-02-28","585500 ","","3"
"902","2024-02-28","140000 ","","53"
"903","2024-02-28","298000 ","","32"
"904","2024-02-28","498000 ","","19"
"905","2024-02-28","1260000 ","","2"
"906","2024-02-28","350000 ","","9"
"907","2024-02-28","219000 ","","43"
"908","2024-02-28","228000 ","","58"
"909","2024-02-28","1025000 ","","43"
"910","2024-02-28","35000 ","","81"
"911","2024-02-29","270000 ","","50"
"912","2024-02-29","540000 ","","2"
"913","2024-02-29","255000 ","","54"
"914","2024-02-29","920400 ","","3"
"915","2024-02-29","483000 ","","62"
"916","2024-02-29","340000 ","","8"
"917","2024-02-29","1901500 ","","98"
"918","2024-02-29","501900 ","","65"
"919","2024-02-29","430000 ","","11"
"920","2024-02-29","644500 ","","68"
"921","2024-02-29","2054000 ","","8"
"922","2024-02-29","350000 ","","33"
"923","2024-02-29","15000 ","","23"
"924","2024-02-29","371750 ","","84"
"925","2024-02-29","598400 ","","37"
"926","2024-02-29","50000 ","","27"
"927","2024-02-29","18150 ","","98"
"928","2024-02-29","480000 ","","44"
"929","2024-02-29","1064000 ","","63"
"930","2024-03-01","720000 ","","96"
"931","2024-03-01","652800 ","","46"
"932","2024-03-01","500000 ","","97"
"933","2024-03-01","24000 ","","58"
"934","2024-03-01","2105000 ","","72"
"935","2024-03-01","270000 ","","94"
"936","2024-03-01","1966000 ","","71"
"937","2024-03-01","64000 ","","74"
"938","2024-03-01","139000 ","","60"
"939","2024-03-01","777250 ","","39"
"940","2024-03-01","250500 ","","35"
"941","2024-03-01","861000 ","","1"
"942","2024-03-01","345000 ","","68"
"943","2024-03-02","926000 ","","69"
"944","2024-03-02","0 ","","87"
"945","2024-03-02","605000 ","","29"
"946","2024-03-02","196000 ","","35"
"947","2024-03-02","1080000 ","","53"
"948","2024-03-02","104500 ","","29"
"949","2024-03-02","1125000 ","","89"
"950","2024-03-02","315000 ","","77"
"951","2024-03-02","1000 ","","63"
"952","2024-03-02","752000 ","","10"
"953","2024-03-03","1455000 ","","71"
"954","2024-03-03","26000 ","","95"
"955","2024-03-03","3800000 ","","90"
"956","2024-03-03","1802000 ","","37"
"957","2024-03-03","190000 ","","31"
"958","2024-03-03","388300 ","","10"
"959","2024-03-03","1317700 ","","64"
"960","2024-03-03","147200 ","","39"
"961","2024-03-03","140000 ","","96"
"962","2024-03-03","460000 ","","82"
"963","2024-03-03","640000 ","","100"
"964","2024-03-03","740400 ","","27"
"965","2024-03-03","138000 ","","29"
"966","2024-03-03","138000 ","","29"
"967","2024-03-03","421000 ","","13"
"968","2024-03-03","169000 ","","55"
"969","2024-03-03","1080000 ","","3"
"970","2024-03-03","24000 ","","59"
"971","2024-03-03","1908000 ","","36"
"972","2024-03-03","215000 ","","81"
"973","2024-03-03","916000 ","","98"
"974","2024-03-04","389000 ","","19"
"975","2024-03-04","362000 ","","77"
"976","2024-03-04","684000 ","","61"
"977","2024-03-04","315000 ","","34"
"978","2024-03-04","153000 ","","96"
"979","2024-03-04","683450 ","","95"
"980","2024-03-04","1165000 ","","50"
"981","2024-03-04","453000 ","","17"
"982","2024-03-04","360000 ","","80"
"983","2024-03-04","44450 ","","77"
"984","2024-03-04","155000 ","","50"
"985","2024-03-04","592250 ","","84"
"986","2024-03-04","1296500 ","","62"
"987","2024-03-04","191000 ","","45"
"988","2024-03-04","256000 ","","38"
"989","2024-03-04","327500 ","","19"
"990","2024-03-04","597000 ","","51"
"991","2024-03-04","342000 ","","3"
"992","2024-03-04","920000 ","","48"
"993","2024-03-05","320000 ","","26"
"994","2024-03-05","557500 ","","92"
"995","2024-03-05","179450 ","","45"
"996","2024-03-05","43000 ","","22"
"997","2024-03-05","120500 ","","100"
"998","2024-03-05","385500 ","","18"
"999","2024-03-05","499000 ","","100"
"1000","2024-03-05","302450 ","","56"
"1001","2024-03-05","349000 ","","17"
"1002","2024-03-05","275000 ","","70"
"1003","2024-03-05","1104000 ","","46"
"1004","2024-03-06","68000 ","","13"
"1005","2024-03-06","366000 ","","77"
"1006","2024-03-06","44150 ","","20"
"1007","2024-03-06","195000 ","","75"
"1008","2024-03-06","221000 ","","51"
"1009","2024-03-06","2060000 ","","79"
"1010","2024-03-06","410000 ","","78"
"1011","2024-03-06","254000 ","","35"
"1012","2024-03-06","598500 ","","19"
"1013","2024-03-06","1245000 ","","5"
"1014","2024-03-06","1808500 ","","36"
"1015","2024-03-07","434000 ","","77"
"1016","2024-03-07","550000 ","","33"
"1017","2024-03-07","2534450 ","","10"
"1018","2024-03-07","297000 ","","71"
"1019","2024-03-07","1696000 ","","81"
"1020","2024-03-07","869250 ","","100"
"1021","2024-03-07","66000 ","","100"
"1022","2024-03-07","372500 ","","65"
"1023","2024-03-07","460750 ","","92"
"1024","2024-03-07","604450 ","","78"
"1025","2024-03-07","661950 ","","63"
"1026","2024-03-07","630000 ","","80"
"1027","2024-03-07","345000 ","","22"
"1028","2024-03-08","1703000 ","","93"
"1029","2024-03-08","260000 ","","68"
"1030","2024-03-08","142500 ","","36"
"1031","2024-03-08","603500 ","","12"
"1032","2024-03-08","882000 ","","71"
"1033","2024-03-08","1482000 ","","86"
"1034","2024-03-09","640000 ","","88"
"1035","2024-03-09","832000 ","","60"
"1036","2024-03-09","419000 ","","40"
"1037","2024-03-09","570150 ","","26"
"1038","2024-03-09","847600 ","","84"
"1039","2024-03-09","1572000 ","","36"
"1040","2024-03-09","302000 ","","78"
"1041","2024-03-09","508000 ","","90"
"1042","2024-03-09","519150 ","","60"
"1043","2024-03-09","278000 ","","31"
"1044","2024-03-09","1420000 ","","23"
"1045","2024-03-09","761000 ","","29"
"1046","2024-03-09","510700 ","","61"
"1047","2024-03-09","465000 ","","40"
"1048","2024-03-09","1320000 ","","36"
"1049","2024-03-09","23000 ","","92"
"1050","2024-03-09","1325000 ","","75"
"1051","2024-03-10","240000 ","","10"
"1052","2024-03-10","109950 ","","16"
"1053","2024-03-10","1205000 ","","65"
"1054","2024-03-10","1018000 ","","15"
"1055","2024-03-10","181000 ","","19"
"1056","2024-03-10","267000 ","","23"
"1057","2024-03-10","405000 ","","17"
"1058","2024-03-10","556150 ","","15"
"1059","2024-03-10","159000 ","","72"
"1060","2024-03-10","279000 ","","43"
"1061","2024-03-10","314300 ","","18"
"1062","2024-03-10","557250 ","","41"
"1063","2024-03-10","470000 ","","13"
"1064","2024-03-10","864000 ","","13"
"1065","2024-03-10","1470000 ","","79"
"1066","2024-03-10","900000 ","","10"
"1067","2024-03-10","6000 ","","15"
"1068","2024-03-10","287000 ","","74"
"1069","2024-03-10","405300 ","","24"
"1070","2024-03-10","361000 ","","58"
"1071","2024-03-10","333000 ","","77"
"1072","2024-03-10","833350 ","","98"
"1073","2024-03-11","700000 ","","81"
"1074","2024-03-11","363500 ","","53"
"1075","2024-03-11","1245000 ","","55"
"1076","2024-03-11","197150 ","","40"
"1077","2024-03-11","450000 ","","73"
"1078","2024-03-11","164000 ","","83"
"1079","2024-03-11","0 ","","97"
"1080","2024-03-11","143400 ","","100"
"1081","2024-03-11","1584750 ","","39"
"1082","2024-03-11","197000 ","","1"
"1083","2024-03-11","807000 ","","5"
"1084","2024-03-12","5000 ","","64"
"1085","2024-03-12","340150 ","","17"
"1086","2024-03-12","239750 ","","14"
"1087","2024-03-12","695000 ","","67"
"1088","2024-03-12","1321650 ","","17"
"1089","2024-03-12","760000 ","","94"
"1090","2024-03-12","444600 ","","53"
"1091","2024-03-12","79000 ","","58"
"1092","2024-03-12","545450 ","","75"
"1093","2024-03-12","265000 ","","21"
"1094","2024-03-12","60000 ","","27"
"1095","2024-03-12","226500 ","","77"
"1096","2024-03-12","1294150 ","","51"
"1097","2024-03-12","360150 ","","69"
"1098","2024-03-12","570000 ","","54"
"1099","2024-03-12","0 ","","60"
"1100","2024-03-12","30450 ","","28"
"1101","2024-03-12","589300 ","","48"
"1102","2024-03-13","615000 ","","75"
"1103","2024-03-13","62000 ","","73"
"1104","2024-03-13","1638000 ","","55"
"1105","2024-03-13","521000 ","","70"
"1106","2024-03-13","226000 ","","90"
"1107","2024-03-13","589000 ","","10"
"1108","2024-03-13","698000 ","","57"
"1109","2024-03-13","500000 ","","1"
"1110","2024-03-13","1445000 ","","51"
"1111","2024-03-13","340000 ","","82"
"1112","2024-03-13","1451000 ","","35"
"1113","2024-03-13","366000 ","","48"
"1114","2024-03-13","120200 ","","79"
"1115","2024-03-14","133000 ","","83"
"1116","2024-03-14","230000 ","","14"
"1117","2024-03-14","2000 ","","12"
"1118","2024-03-14","1484000 ","","10"
"1119","2024-03-14","943900 ","","93"
"1120","2024-03-14","0 ","","30"
"1121","2024-03-14","895100 ","","18"
"1122","2024-03-14","260000 ","","48"
"1123","2024-03-14","1506000 ","","50"
"1124","2024-03-14","85000 ","","16"
"1125","2024-03-14","342250 ","","54"
"1126","2024-03-15","150000 ","","50"
"1127","2024-03-15","950000 ","","59"
"1128","2024-03-15","410000 ","","57"
"1129","2024-03-15","200000 ","","95"
"1130","2024-03-15","435200 ","","91"
"1131","2024-03-15","655000 ","","97"
"1132","2024-03-15","73500 ","","72"
"1133","2024-03-15","1081000 ","","41"
"1134","2024-03-15","418450 ","","59"
"1135","2024-03-15","910000 ","","5"
"1136","2024-03-15","927200 ","","92"
"1137","2024-03-15","385000 ","","96"
"1138","2024-03-15","585400 ","","93"
"1139","2024-03-15","573000 ","","87"
"1140","2024-03-16","247500 ","","4"
"1141","2024-03-16","235000 ","","95"
"1142","2024-03-16","412000 ","","71"
"1143","2024-03-16","299000 ","","72"
"1144","2024-03-16","448000 ","","68"
"1145","2024-03-16","394000 ","","34"
"1146","2024-03-16","115000 ","","58"
"1147","2024-03-16","100000 ","","85"
"1148","2024-03-16","40000 ","","91"
"1149","2024-03-16","23500 ","","93"
"1150","2024-03-16","14500 ","","12"
"1151","2024-03-16","1119000 ","","85"
"1152","2024-03-16","340000 ","","46"
"1153","2024-03-16","717000 ","","18"
"1154","2024-03-16","0 ","","16"
"1155","2024-03-16","322000 ","","87"
"1156","2024-03-16","236600 ","","17"
"1157","2024-03-16","62000 ","","55"
"1158","2024-03-16","1510400 ","","81"
"1159","2024-03-16","547250 ","","36"
"1160","2024-03-16","600000 ","","86"
"1161","2024-03-17","347650 ","","44"
"1162","2024-03-17","64450 ","","60"
"1163","2024-03-17","354000 ","","75"
"1164","2024-03-17","690000 ","","76"
"1165","2024-03-17","88500 ","","98"
"1166","2024-03-17","10200 ","","72"
"1167","2024-03-17","555000 ","","69"
"1168","2024-03-17","122000 ","","69"
"1169","2024-03-17","357000 ","","12"
"1170","2024-03-17","321300 ","","71"
"1171","2024-03-17","47500 ","","69"
"1172","2024-03-17","810000 ","","50"
"1173","2024-03-17","353000 ","","11"
"1174","2024-03-17","237000 ","","13"
"1175","2024-03-18","150150 ","","88"
"1176","2024-03-18","454600 ","","91"
"1177","2024-03-18","430000 ","","65"
"1178","2024-03-18","40000 ","","85"
"1179","2024-03-18","122500 ","","30"
"1180","2024-03-18","119250 ","","90"
"1181","2024-03-18","1435000 ","","73"
"1182","2024-03-18","49000 ","","100"
"1183","2024-03-18","740200 ","","69"
"1184","2024-03-18","212000 ","","80"
"1185","2024-03-18","483300 ","","14"
"1186","2024-03-18","795000 ","","62"
"1187","2024-03-18","315250 ","","73"
"1188","2024-03-18","747000 ","","99"
"1189","2024-03-19","870000 ","","74"
"1190","2024-03-19","617100 ","","80"
"1191","2024-03-19","755000 ","","53"
"1192","2024-03-19","150000 ","","10"
"1193","2024-03-19","50000 ","","24"
"1194","2024-03-19","770000 ","","92"
"1195","2024-03-19","601000 ","","25"
"1196","2024-03-19","779000 ","","20"
"1197","2024-03-19","0 ","","49"
"1198","2024-03-19","981200 ","","82"
"1199","2024-03-19","490000 ","","1"
"1200","2024-03-19","668000 ","","50"
"1201","2024-03-20","418000 ","","22"
"1202","2024-03-20","584000 ","","66"
"1203","2024-03-20","513000 ","","47"
"1204","2024-03-20","58000 ","","61"
"1205","2024-03-20","465000 ","","62"
"1206","2024-03-20","188000 ","","88"
"1207","2024-03-20","441800 ","","38"
"1208","2024-03-20","262000 ","","66"
"1209","2024-03-20","340000 ","","7"
"1210","2024-03-20","1300000 ","","72"
"1211","2024-03-20","342600 ","","18"
"1212","2024-03-20","312000 ","","12"
"1213","2024-03-20","316250 ","","86"
"1214","2024-03-20","328650 ","","20"
"1215","2024-03-20","1125000 ","","67"
"1216","2024-03-20","156000 ","","44"
"1217","2024-03-21","1704500 ","","34"
"1218","2024-03-21","670000 ","","7"
"1219","2024-03-21","1180000 ","","73"
"1220","2024-03-21","625150 ","","79"
"1221","2024-03-21","1533000 ","","32"
"1222","2024-03-21","374000 ","","2"
"1223","2024-03-21","260600 ","","42"
"1224","2024-03-21","500000 ","","49"
"1225","2024-03-21","964000 ","","44"
"1226","2024-03-21","640000 ","","51"
"1227","2024-03-21","112500 ","","83"
"1228","2024-03-21","7000 ","","97"
"1229","2024-03-21","66000 ","","99"
"1230","2024-03-21","1600000 ","","47"
"1231","2024-03-21","30000 ","","70"
"1232","2024-03-21","419000 ","","77"
"1233","2024-03-21","280000 ","","64"
"1234","2024-03-21","455000 ","","86"
"1235","2024-03-22","1123450 ","","48"
"1236","2024-03-22","265000 ","","13"
"1237","2024-03-22","512000 ","","56"
"1238","2024-03-22","2216000 ","","55"
"1239","2024-03-22","180000 ","","69"
"1240","2024-03-22","790000 ","","26"
"1241","2024-03-22","750000 ","","96"
"1242","2024-03-22","171000 ","","24"
"1243","2024-03-22","1530000 ","","63"
"1244","2024-03-22","124000 ","","78"
"1245","2024-03-22","40000 ","","71"
"1246","2024-03-22","551800 ","","27"
"1247","2024-03-22","131000 ","","70"
"1248","2024-03-22","134600 ","","35"
"1249","2024-03-22","335000 ","","3"
"1250","2024-03-23","90000 ","","58"
"1251","2024-03-23","233500 ","","4"
"1252","2024-03-23","293000 ","","52"
"1253","2024-03-23","41000 ","","13"
"1254","2024-03-23","80000 ","","6"
"1255","2024-03-23","466000 ","","55"
"1256","2024-03-23","295000 ","","25"
"1257","2024-03-23","375000 ","","70"
"1258","2024-03-23","270650 ","","38"
"1259","2024-03-23","60000 ","","97"
"1260","2024-03-23","168000 ","","34"
"1261","2024-03-23","440500 ","","37"
"1262","2024-03-23","560000 ","","83"
"1263","2024-03-23","13900 ","","53"
"1264","2024-03-24","585000 ","","75"
"1265","2024-03-24","708000 ","","75"
"1266","2024-03-24","819000 ","","93"
"1267","2024-03-24","600 ","","3"
"1268","2024-03-24","1255000 ","","61"
"1269","2024-03-24","664000 ","","84"
"1270","2024-03-24","300200 ","","84"
"1271","2024-03-24","740000 ","","86"
"1272","2024-03-24","150000 ","","62"
"1273","2024-03-24","512000 ","","35"
"1274","2024-03-24","155000 ","","31"
"1275","2024-03-24","1760000 ","","94"
"1276","2024-03-24","200000 ","","54"
"1277","2024-03-25","132000 ","","44"
"1278","2024-03-25","869000 ","","56"
"1279","2024-03-25","546500 ","","9"
"1280","2024-03-25","51250 ","","5"
"1281","2024-03-25","110000 ","","27"
"1282","2024-03-25","3612000 ","","2"
"1283","2024-03-25","1859000 ","","87"
"1284","2024-03-25","0 ","","71"
"1285","2024-03-25","505000 ","","58"
"1286","2024-03-25","132750 ","","100"
"1287","2024-03-25","1610200 ","","98"
"1288","2024-03-25","892250 ","","3"
"1289","2024-03-25","1325450 ","","62"
"1290","2024-03-25","653000 ","","9"
"1291","2024-03-25","45000 ","","37"
"1292","2024-03-25","221000 ","","17"
"1293","2024-03-25","519000 ","","20"
"1294","2024-03-25","1400400 ","","86"
"1295","2024-03-26","572150 ","","21"
"1296","2024-03-26","52300 ","","71"
"1297","2024-03-26","351000 ","","12"
"1298","2024-03-26","820000 ","","63"
"1299","2024-03-26","390000 ","","22"
"1300","2024-03-26","202000 ","","23"
"1301","2024-03-26","332500 ","","21"
"1302","2024-03-26","1131000 ","","15"
"1303","2024-03-26","1226000 ","","65"
"1304","2024-03-26","145000 ","","94"
"1305","2024-03-26","640000 ","","2"
"1306","2024-03-26","248000 ","","33"
"1307","2024-03-27","212000 ","","8"
"1308","2024-03-27","725000 ","","42"
"1309","2024-03-27","331000 ","","35"
"1310","2024-03-27","920000 ","","76"
"1311","2024-03-27","2236000 ","","87"
"1312","2024-03-27","57000 ","","75"
"1313","2024-03-27","225500 ","","15"
"1314","2024-03-27","271000 ","","68"
"1315","2024-03-27","1560000 ","","39"
"1316","2024-03-27","535000 ","","100"
"1317","2024-03-27","39000 ","","63"
"1318","2024-03-27","272000 ","","36"
"1319","2024-03-27","500000 ","","87"
"1320","2024-03-27","254000 ","","57"
"1321","2024-03-27","281800 ","","6"
"1322","2024-03-27","1500000 ","","41"
"1323","2024-03-27","874500 ","","76"
"1324","2024-03-27","1000000 ","","73"
"1325","2024-03-28","76000 ","","39"
"1326","2024-03-28","874000 ","","15"
"1327","2024-03-28","392000 ","","56"
"1328","2024-03-28","77000 ","","86"
"1329","2024-03-28","697000 ","","17"
"1330","2024-03-28","1203300 ","","33"
"1331","2024-03-28","104000 ","","65"
"1332","2024-03-28","120000 ","","18"
"1333","2024-03-28","381000 ","","15"
"1334","2024-03-28","36000 ","","62"
"1335","2024-03-28","906000 ","","14"
"1336","2024-03-28","610500 ","","75"
"1337","2024-03-28","10000 ","","46"
"1338","2024-03-28","1811000 ","","3"
"1339","2024-03-28","124000 ","","71"
"1340","2024-03-28","103000 ","","99"
"1341","2024-03-28","780500 ","","44"
"1342","2024-03-28","800000 ","","49"
"1343","2024-03-28","552450 ","","10"
"1344","2024-03-28","459500 ","","63"
"1345","2024-03-28","314500 ","","57"
"1346","2024-03-28","246000 ","","73"
"1347","2024-03-29","300000 ","","54"
"1348","2024-03-29","609450 ","","61"
"1349","2024-03-29","630000 ","","8"
"1350","2024-03-29","37300 ","","33"
"1351","2024-03-29","330000 ","","51"
"1352","2024-03-29","219000 ","","44"
"1353","2024-03-29","704000 ","","96"
"1354","2024-03-29","270000 ","","87"
"1355","2024-03-29","1330000 ","","74"
"1356","2024-03-29","170000 ","","1"
"1357","2024-03-29","1402700 ","","65"
"1358","2024-03-29","526000 ","","34"
"1359","2024-03-29","516000 ","","59"
"1360","2024-03-29","174500 ","","65"
"1361","2024-03-29","221000 ","","42"
"1362","2024-03-29","865000 ","","45"
"1363","2024-03-29","130000 ","","70"
"1364","2024-03-30","268000 ","","18"
"1365","2024-03-30","408000 ","","88"
"1366","2024-03-30","446000 ","","37"
"1367","2024-03-30","875150 ","","88"
"1368","2024-03-30","392000 ","","95"
"1369","2024-03-30","0 ","","21"
"1370","2024-03-30","220900 ","","37"
"1371","2024-03-30","904000 ","","60"
"1372","2024-03-30","150000 ","","40"
"1373","2024-03-30","180000 ","","72"
"1374","2024-03-30","783000 ","","77"
"1375","2024-03-30","653000 ","","67"
"1376","2024-03-30","42000 ","","27"
"1377","2024-03-31","497000 ","","55"
"1378","2024-03-31","356200 ","","58"
"1379","2024-03-31","423500 ","","47"
"1380","2024-03-31","51000 ","","40"
"1381","2024-03-31","1607500 ","","44"
"1382","2024-03-31","278000 ","","82"
"1383","2024-03-31","240750 ","","52"
"1384","2024-03-31","1921500 ","","90"
"1385","2024-03-31","875000 ","","33"
"1386","2024-03-31","405000 ","","29"
"1387","2024-03-31","653000 ","","69"
"1388","2024-03-31","583500 ","","11"
"1389","2024-03-31","524000 ","","2"
"1390","2024-03-31","270000 ","","39"
"1391","2024-04-01","870000 ","","68"
"1392","2024-04-01","176000 ","","59"
"1393","2024-04-01","46300 ","","12"
"1394","2024-04-01","408000 ","","36"
"1395","2024-04-01","1260000 ","","32"
"1396","2024-04-01","1470000 ","","85"
"1397","2024-04-01","54000 ","","97"
"1398","2024-04-01","112500 ","","43"
"1399","2024-04-01","246000 ","","26"
"1400","2024-04-01","646000 ","","64"
"1401","2024-04-01","1845000 ","","95"
"1402","2024-04-01","68000 ","","26"
"1403","2024-04-01","150750 ","","76"
"1404","2024-04-01","220000 ","","63"
"1405","2024-04-01","283000 ","","47"
"1406","2024-04-01","446000 ","","22"
"1407","2024-04-01","1024000 ","","93"
"1408","2024-04-01","550000 ","","32"
"1409","2024-04-01","1147000 ","","72"
"1410","2024-04-02","1333000 ","","29"
"1411","2024-04-02","176000 ","","68"
"1412","2024-04-02","300000 ","","69"
"1413","2024-04-02","545400 ","","31"
"1414","2024-04-02","60450 ","","84"
"1415","2024-04-02","220000 ","","54"
"1416","2024-04-02","60200 ","","12"
"1417","2024-04-02","701000 ","","48"
"1418","2024-04-02","465400 ","","60"
"1419","2024-04-02","421500 ","","41"
"1420","2024-04-02","510000 ","","73"
"1421","2024-04-03","140000 ","","15"
"1422","2024-04-03","636450 ","","53"
"1423","2024-04-03","341500 ","","2"
"1424","2024-04-03","128000 ","","10"
"1425","2024-04-03","375000 ","","10"
"1426","2024-04-03","34000 ","","45"
"1427","2024-04-03","1837000 ","","99"
"1428","2024-04-03","300000 ","","3"
"1429","2024-04-03","662000 ","","47"
"1430","2024-04-03","302150 ","","63"
"1431","2024-04-03","189000 ","","40"
"1432","2024-04-03","129750 ","","76"
"1433","2024-04-04","437000 ","","37"
"1434","2024-04-04","526000 ","","39"
"1435","2024-04-04","560450 ","","85"
"1436","2024-04-04","379150 ","","85"
"1437","2024-04-04","842250 ","","98"
"1438","2024-04-04","352000 ","","64"
"1439","2024-04-04","191350 ","","71"
"1440","2024-04-04","1054000 ","","80"
"1441","2024-04-04","474500 ","","89"
"1442","2024-04-04","1381000 ","","36"
"1443","2024-04-04","25200 ","","41"
"1444","2024-04-04","60000 ","","88"
"1445","2024-04-04","109000 ","","71"
"1446","2024-04-04","723000 ","","56"
"1447","2024-04-04","60150 ","","12"
"1448","2024-04-04","401700 ","","37"
"1449","2024-04-04","1180000 ","","95"
"1450","2024-04-04","430200 ","","91"
"1451","2024-04-04","310500 ","","7"
"1452","2024-04-05","189000 ","","94"
"1453","2024-04-05","1200000 ","","67"
"1454","2024-04-05","631650 ","","54"
"1455","2024-04-05","142000 ","","17"
"1456","2024-04-05","398500 ","","42"
"1457","2024-04-05","995000 ","","39"
"1458","2024-04-05","532100 ","","39"
"1459","2024-04-05","0 ","","68"
"1460","2024-04-05","594000 ","","51"
"1461","2024-04-05","305000 ","","68"
"1462","2024-04-05","200 ","","27"
"1463","2024-04-05","135000 ","","47"
"1464","2024-04-05","1333500 ","","28"
"1465","2024-04-05","1440000 ","","31"
"1466","2024-04-05","406200 ","","11"
"1467","2024-04-06","994000 ","","75"
"1468","2024-04-06","792000 ","","67"
"1469","2024-04-06","43500 ","","39"
"1470","2024-04-06","548000 ","","1"
"1471","2024-04-06","475000 ","","4"
"1472","2024-04-06","403000 ","","69"
"1473","2024-04-06","775000 ","","91"
"1474","2024-04-06","478500 ","","71"
"1475","2024-04-06","201500 ","","18"
"1476","2024-04-06","3000 ","","58"
"1477","2024-04-06","499000 ","","70"
"1478","2024-04-06","432500 ","","28"
"1479","2024-04-06","516000 ","","83"
"1480","2024-04-06","258000 ","","89"
"1481","2024-04-06","170000 ","","95"
"1482","2024-04-06","22000 ","","26"
"1483","2024-04-07","164400 ","","97"
"1484","2024-04-07","0 ","","76"
"1485","2024-04-07","441000 ","","34"
"1486","2024-04-07","580000 ","","78"
"1487","2024-04-07","114000 ","","46"
"1488","2024-04-07","17500 ","","46"
"1489","2024-04-07","340300 ","","21"
"1490","2024-04-07","683000 ","","5"
"1491","2024-04-07","502150 ","","67"
"1492","2024-04-07","150000 ","","89"
"1493","2024-04-07","1033000 ","","16"
"1494","2024-04-07","202500 ","","50"
"1495","2024-04-07","620000 ","","31"
"1496","2024-04-07","182000 ","","30"
"1497","2024-04-07","815000 ","","73"
"1498","2024-04-07","30300 ","","24"
"1499","2024-04-07","699000 ","","82"
"1500","2024-04-07","39000 ","","49"
"1501","2024-04-07","746000 ","","4"
"1502","2024-04-08","264000 ","","28"
"1503","2024-04-08","220000 ","","1"
"1504","2024-04-08","1061500 ","","80"
"1505","2024-04-08","301500 ","","50"
"1506","2024-04-08","499000 ","","93"
"1507","2024-04-08","379000 ","","71"
"1508","2024-04-08","15500 ","","27"
"1509","2024-04-08","1524000 ","","75"
"1510","2024-04-08","504900 ","","28"
"1511","2024-04-08","493300 ","","26"
"1512","2024-04-08","245500 ","","54"
"1513","2024-04-08","344750 ","","94"
"1514","2024-04-08","44000 ","","25"
"1515","2024-04-08","392150 ","","32"
"1516","2024-04-08","88000 ","","48"
"1517","2024-04-08","3000 ","","2"
"1518","2024-04-08","254900 ","","3"
"1519","2024-04-08","742500 ","","32"
"1520","2024-04-09","130750 ","","41"
"1521","2024-04-09","122000 ","","93"
"1522","2024-04-09","141400 ","","75"
"1523","2024-04-09","38000 ","","26"
"1524","2024-04-09","600000 ","","63"
"1525","2024-04-09","1564000 ","","2"
"1526","2024-04-09","1020000 ","","21"
"1527","2024-04-09","1571000 ","","73"
"1528","2024-04-09","445200 ","","83"
"1529","2024-04-09","1324000 ","","47"
"1530","2024-04-09","428750 ","","52"
"1531","2024-04-09","180150 ","","87"
"1532","2024-04-09","1817000 ","","58"
"1533","2024-04-09","1276000 ","","35"
"1534","2024-04-09","1555500 ","","88"
"1535","2024-04-09","323000 ","","79"
"1536","2024-04-09","297000 ","","79"
"1537","2024-04-10","218000 ","","91"
"1538","2024-04-10","483000 ","","19"
"1539","2024-04-10","146000 ","","79"
"1540","2024-04-10","520000 ","","51"
"1541","2024-04-10","635000 ","","98"
"1542","2024-04-10","110000 ","","60"
"1543","2024-04-10","330000 ","","24"
"1544","2024-04-10","507000 ","","7"
"1545","2024-04-10","144000 ","","46"
"1546","2024-04-10","730750 ","","13"
"1547","2024-04-10","134000 ","","49"
"1548","2024-04-10","60000 ","","92"
"1549","2024-04-10","111400 ","","25"
"1550","2024-04-11","1580500 ","","92"
"1551","2024-04-11","1404000 ","","69"
"1552","2024-04-11","869300 ","","23"
"1553","2024-04-11","395000 ","","37"
"1554","2024-04-11","492000 ","","58"
"1555","2024-04-11","1200600 ","","61"
"1556","2024-04-11","35000 ","","68"
"1557","2024-04-11","53000 ","","15"
"1558","2024-04-11","392300 ","","71"
"1559","2024-04-11","237000 ","","64"
"1560","2024-04-11","2555000 ","","58"
"1561","2024-04-11","1719000 ","","8"
"1562","2024-04-11","33000 ","","36"
"1563","2024-04-12","230000 ","","54"
"1564","2024-04-12","256000 ","","35"
"1565","2024-04-12","121750 ","","69"
"1566","2024-04-12","183000 ","","10"
"1567","2024-04-12","1348150 ","","46"
"1568","2024-04-12","235000 ","","32"
"1569","2024-04-12","1118100 ","","26"
"1570","2024-04-12","40450 ","","70"
"1571","2024-04-12","576000 ","","7"
"1572","2024-04-12","1347650 ","","45"
"1573","2024-04-12","180000 ","","29"
"1574","2024-04-12","800000 ","","53"
"1575","2024-04-12","430000 ","","62"
"1576","2024-04-12","1640000 ","","76"
"1577","2024-04-12","385000 ","","8"
"1578","2024-04-12","633500 ","","2"
"1579","2024-04-12","610000 ","","34"
"1580","2024-04-12","320500 ","","24"
"1581","2024-04-13","415000 ","","50"
"1582","2024-04-13","183000 ","","36"
"1583","2024-04-13","350000 ","","6"
"1584","2024-04-13","214000 ","","89"
"1585","2024-04-13","1476000 ","","6"
"1586","2024-04-13","1200000 ","","75"
"1587","2024-04-13","384600 ","","17"
"1588","2024-04-13","30000 ","","67"
"1589","2024-04-13","115000 ","","28"
"1590","2024-04-13","68400 ","","1"
"1591","2024-04-13","2110000 ","","21"
"1592","2024-04-13","330000 ","","11"
"1593","2024-04-13","1540300 ","","21"
"1594","2024-04-13","172750 ","","82"
"1595","2024-04-13","200400 ","","11"
"1596","2024-04-13","300000 ","","17"
"1597","2024-04-13","142000 ","","25"
"1598","2024-04-14","362000 ","","3"
"1599","2024-04-14","20000 ","","36"
"1600","2024-04-14","300000 ","","73"
"1601","2024-04-14","330000 ","","83"
"1602","2024-04-14","326650 ","","9"
"1603","2024-04-14","1430000 ","","53"
"1604","2024-04-14","515000 ","","81"
"1605","2024-04-14","270450 ","","63"
"1606","2024-04-14","112000 ","","14"
"1607","2024-04-14","606000 ","","38"
"1608","2024-04-14","2347450 ","","2"
"1609","2024-04-14","820000 ","","86"
"1610","2024-04-14","620500 ","","93"
"1611","2024-04-14","82600 ","","57"
"1612","2024-04-14","450000 ","","67"
"1613","2024-04-14","135000 ","","97"
"1614","2024-04-14","653000 ","","68"
"1615","2024-04-14","520000 ","","9"
"1616","2024-04-15","111500 ","","31"
"1617","2024-04-15","470000 ","","13"
"1618","2024-04-15","0 ","","21"
"1619","2024-04-15","435000 ","","97"
"1620","2024-04-15","1020000 ","","51"
"1621","2024-04-15","160600 ","","56"
"1622","2024-04-15","1444500 ","","13"
"1623","2024-04-16","307500 ","","55"
"1624","2024-04-16","180000 ","","7"
"1625","2024-04-16","220450 ","","1"
"1626","2024-04-16","686000 ","","74"
"1627","2024-04-16","400000 ","","9"
"1628","2024-04-16","180000 ","","23"
"1629","2024-04-16","125450 ","","94"
"1630","2024-04-16","632000 ","","47"
"1631","2024-04-16","710450 ","","31"
"1632","2024-04-16","639000 ","","84"
"1633","2024-04-16","27000 ","","11"
"1634","2024-04-16","279000 ","","95"
"1635","2024-04-16","347250 ","","51"
"1636","2024-04-16","583000 ","","6"
"1637","2024-04-17","739500 ","","21"
"1638","2024-04-17","1355950 ","","31"
"1639","2024-04-17","965200 ","","78"
"1640","2024-04-17","206250 ","","7"
"1641","2024-04-17","369400 ","","37"
"1642","2024-04-17","1776000 ","","46"
"1643","2024-04-17","150000 ","","31"
"1644","2024-04-17","629000 ","","89"
"1645","2024-04-17","700000 ","","80"
"1646","2024-04-18","150000 ","","54"
"1647","2024-04-18","184500 ","","93"
"1648","2024-04-18","143100 ","","31"
"1649","2024-04-18","698000 ","","63"
"1650","2024-04-18","300500 ","","28"
"1651","2024-04-18","280000 ","","81"
"1652","2024-04-18","1230000 ","","42"
"1653","2024-04-18","125500 ","","86"
"1654","2024-04-18","195000 ","","76"
"1655","2024-04-18","300000 ","","51"
"1656","2024-04-18","390600 ","","57"
"1657","2024-04-18","700000 ","","1"
"1658","2024-04-18","40000 ","","11"
"1659","2024-04-18","155000 ","","36"
"1660","2024-04-18","1556050 ","","73"
"1661","2024-04-19","99300 ","","16"
"1662","2024-04-19","490400 ","","3"
"1663","2024-04-19","659000 ","","92"
"1664","2024-04-19","110000 ","","39"
"1665","2024-04-19","653000 ","","65"
"1666","2024-04-19","1570250 ","","49"
"1667","2024-04-19","1800500 ","","68"
"1668","2024-04-19","540000 ","","81"
"1669","2024-04-20","531000 ","","44"
"1670","2024-04-20","346000 ","","97"
"1671","2024-04-20","1778000 ","","25"
"1672","2024-04-20","480000 ","","88"
"1673","2024-04-20","1450000 ","","11"
"1674","2024-04-20","221500 ","","95"
"1675","2024-04-20","40000 ","","75"
"1676","2024-04-20","540650 ","","34"
"1677","2024-04-20","494000 ","","71"
"1678","2024-04-20","480000 ","","4"
"1679","2024-04-20","240150 ","","66"
"1680","2024-04-20","161000 ","","6"
"1681","2024-04-20","500450 ","","37"
"1682","2024-04-20","450000 ","","29"
"1683","2024-04-20","300 ","","6"
"1684","2024-04-20","135000 ","","24"
"1685","2024-04-21","119500 ","","81"
"1686","2024-04-21","1356000 ","","21"
"1687","2024-04-21","248300 ","","86"
"1688","2024-04-21","1007000 ","","38"
"1689","2024-04-21","1483000 ","","83"
"1690","2024-04-21","50000 ","","19"
"1691","2024-04-21","1378000 ","","59"
"1692","2024-04-21","865000 ","","88"
"1693","2024-04-21","301500 ","","85"
"1694","2024-04-21","1200000 ","","67"
"1695","2024-04-21","1870600 ","","80"
"1696","2024-04-21","389000 ","","10"
"1697","2024-04-21","1423000 ","","5"
"1698","2024-04-21","1418250 ","","30"
"1699","2024-04-22","250750 ","","54"
"1700","2024-04-22","485600 ","","72"
"1701","2024-04-22","435000 ","","97"
"1702","2024-04-22","100200 ","","57"
"1703","2024-04-22","226000 ","","91"
"1704","2024-04-22","411500 ","","89"
"1705","2024-04-22","20000 ","","32"
"1706","2024-04-22","700000 ","","10"
"1707","2024-04-22","495000 ","","87"
"1708","2024-04-22","349000 ","","16"
"1709","2024-04-22","63150 ","","21"
"1710","2024-04-22","630000 ","","79"
"1711","2024-04-22","100200 ","","21"
"1712","2024-04-22","675000 ","","60"
"1713","2024-04-22","269000 ","","80"
"1714","2024-04-22","370000 ","","70"
"1715","2024-04-22","2476000 ","","46"
"1716","2024-04-23","328000 ","","37"
"1717","2024-04-23","261000 ","","10"
"1718","2024-04-23","100000 ","","72"
"1719","2024-04-23","515000 ","","59"
"1720","2024-04-23","816600 ","","8"
"1721","2024-04-23","230000 ","","29"
"1722","2024-04-23","43750 ","","40"
"1723","2024-04-23","337500 ","","18"
"1724","2024-04-23","120000 ","","100"
"1725","2024-04-23","760400 ","","19"
"1726","2024-04-23","258000 ","","28"
"1727","2024-04-24","467500 ","","15"
"1728","2024-04-24","259600 ","","65"
"1729","2024-04-24","205300 ","","58"
"1730","2024-04-24","278000 ","","29"
"1731","2024-04-24","1254000 ","","38"
"1732","2024-04-24","445000 ","","25"
"1733","2024-04-24","400450 ","","20"
"1734","2024-04-24","2249300 ","","66"
"1735","2024-04-24","128350 ","","41"
"1736","2024-04-24","199000 ","","21"
"1737","2024-04-24","410000 ","","16"
"1738","2024-04-24","250450 ","","71"
"1739","2024-04-24","1410000 ","","62"
"1740","2024-04-25","350000 ","","36"
"1741","2024-04-25","765000 ","","54"
"1742","2024-04-25","1589750 ","","24"
"1743","2024-04-25","256400 ","","67"
"1744","2024-04-25","581500 ","","77"
"1745","2024-04-25","489500 ","","34"
"1746","2024-04-25","888000 ","","42"
"1747","2024-04-25","1976500 ","","61"
"1748","2024-04-25","229000 ","","36"
"1749","2024-04-25","117500 ","","65"
"1750","2024-04-25","109000 ","","14"
"1751","2024-04-25","621000 ","","5"
"1752","2024-04-25","348500 ","","58"
"1753","2024-04-25","3450 ","","13"
"1754","2024-04-25","90000 ","","79"
"1755","2024-04-25","1460000 ","","43"
"1756","2024-04-25","462000 ","","78"
"1757","2024-04-25","775500 ","","2"
"1758","2024-04-25","1221000 ","","95"
"1759","2024-04-25","167750 ","","88"
"1760","2024-04-26","341250 ","","94"
"1761","2024-04-26","1637450 ","","34"
"1762","2024-04-26","288000 ","","55"
"1763","2024-04-26","124000 ","","70"
"1764","2024-04-26","265500 ","","91"
"1765","2024-04-26","153000 ","","70"
"1766","2024-04-26","500400 ","","57"
"1767","2024-04-26","723000 ","","100"
"1768","2024-04-26","81500 ","","22"
"1769","2024-04-26","92450 ","","89"
"1770","2024-04-26","540000 ","","74"
"1771","2024-04-26","300000 ","","44"
"1772","2024-04-26","1324000 ","","20"
"1773","2024-04-26","173000 ","","21"
"1774","2024-04-26","206000 ","","50"
"1775","2024-04-26","212000 ","","40"
"1776","2024-04-26","355500 ","","65"
"1777","2024-04-27","347000 ","","52"
"1778","2024-04-27","295550 ","","95"
"1779","2024-04-27","397000 ","","58"
"1780","2024-04-27","140600 ","","2"
"1781","2024-04-27","2500000 ","","14"
"1782","2024-04-27","790000 ","","27"
"1783","2024-04-27","60000 ","","48"
"1784","2024-04-27","480000 ","","24"
"1785","2024-04-27","911150 ","","10"
"1786","2024-04-27","500450 ","","68"
"1787","2024-04-27","960000 ","","5"
"1788","2024-04-27","549000 ","","9"
"1789","2024-04-27","700000 ","","86"
"1790","2024-04-27","76000 ","","1"
"1791","2024-04-27","894000 ","","63"
"1792","2024-04-28","356000 ","","19"
"1793","2024-04-28","478000 ","","100"
"1794","2024-04-28","0 ","","58"
"1795","2024-04-28","202100 ","","64"
"1796","2024-04-28","375000 ","","53"
"1797","2024-04-28","331500 ","","67"
"1798","2024-04-28","722850 ","","41"
"1799","2024-04-28","138000 ","","3"
"1800","2024-04-28","1247000 ","","99"
"1801","2024-04-28","1000000 ","","73"
"1802","2024-04-28","212000 ","","58"
"1803","2024-04-28","710000 ","","70"
"1804","2024-04-28","1637000 ","","15"
"1805","2024-04-28","680400 ","","91"
"1806","2024-04-28","273000 ","","61"
"1807","2024-04-28","49600 ","","78"
"1808","2024-04-28","1515000 ","","84"
"1809","2024-04-28","1845000 ","","85"
"1810","2024-04-28","525000 ","","60"
"1811","2024-04-28","124000 ","","61"
"1812","2024-04-29","1365000 ","","53"
"1813","2024-04-29","370000 ","","8"
"1814","2024-04-29","2105000 ","","43"
"1815","2024-04-29","272000 ","","31"
"1816","2024-04-29","148800 ","","93"
"1817","2024-04-29","760000 ","","33"
"1818","2024-04-29","100200 ","","100"
"1819","2024-04-29","210000 ","","28"
"1820","2024-04-29","425000 ","","78"
"1821","2024-04-29","219000 ","","37"
"1822","2024-04-30","323500 ","","27"
"1823","2024-04-30","1123000 ","","100"
"1824","2024-04-30","310400 ","","1"
"1825","2024-04-30","309500 ","","50"
"1826","2024-04-30","120000 ","","65"
"1827","2024-04-30","1567000 ","","98"
"1828","2024-04-30","1041700 ","","2"
"1829","2024-04-30","60000 ","","42"
"1830","2024-04-30","90000 ","","44"
"1831","2024-04-30","651650 ","","62"
"1832","2024-04-30","78000 ","","38"
"1833","2024-04-30","70000 ","","41"
"1834","2024-04-30","830000 ","","28"
"1835","2024-05-01","440000 ","","19"
"1836","2024-05-01","320000 ","","44"
"1837","2024-05-01","100000 ","","27"
"1838","2024-05-01","5000 ","","19"
"1839","2024-05-01","60000 ","","5"
"1840","2024-05-01","597900 ","","20"
"1841","2024-05-01","1150000 ","","20"
"1842","2024-05-01","400000 ","","73"
"1843","2024-05-01","1613000 ","","15"
"1844","2024-05-01","530000 ","","59"
"1845","2024-05-01","1890600 ","","70"
"1846","2024-05-01","385000 ","","40"
"1847","2024-05-01","0 ","","1"
"1848","2024-05-01","12000 ","","10"
"1849","2024-05-02","3000 ","","11"
"1850","2024-05-02","30000 ","","49"
"1851","2024-05-02","493000 ","","11"
"1852","2024-05-02","535000 ","","93"
"1853","2024-05-02","710000 ","","10"
"1854","2024-05-02","200 ","","54"
"1855","2024-05-02","10000 ","","48"
"1856","2024-05-02","65000 ","","40"
"1857","2024-05-02","677500 ","","38"
"1858","2024-05-02","179000 ","","13"
"1859","2024-05-02","591000 ","","81"
"1860","2024-05-02","247000 ","","13"
"1861","2024-05-02","833150 ","","57"
"1862","2024-05-02","61150 ","","57"
"1863","2024-05-03","360000 ","","85"
"1864","2024-05-03","318450 ","","63"
"1865","2024-05-03","395000 ","","63"
"1866","2024-05-03","330000 ","","57"
"1867","2024-05-03","960300 ","","89"
"1868","2024-05-03","70450 ","","82"
"1869","2024-05-03","82500 ","","5"
"1870","2024-05-03","370000 ","","89"
"1871","2024-05-03","1150000 ","","7"
"1872","2024-05-04","200000 ","","55"
"1873","2024-05-04","1022700 ","","51"
"1874","2024-05-04","266000 ","","80"
"1875","2024-05-04","1117500 ","","7"
"1876","2024-05-04","525600 ","","88"
"1877","2024-05-04","0 ","","6"
"1878","2024-05-04","132000 ","","72"
"1879","2024-05-04","96000 ","","64"
"1880","2024-05-04","160750 ","","13"
"1881","2024-05-04","490000 ","","81"
"1882","2024-05-04","1125600 ","","50"
"1883","2024-05-04","2713000 ","","1"
"1884","2024-05-04","219000 ","","32"
"1885","2024-05-04","435500 ","","97"
"1886","2024-05-04","1300000 ","","42"
"1887","2024-05-05","793400 ","","13"
"1888","2024-05-05","564200 ","","23"
"1889","2024-05-05","364500 ","","8"
"1890","2024-05-05","310000 ","","38"
"1891","2024-05-05","72000 ","","43"
"1892","2024-05-05","208000 ","","81"
"1893","2024-05-05","37000 ","","76"
"1894","2024-05-05","70000 ","","36"
"1895","2024-05-05","291000 ","","16"
"1896","2024-05-05","55000 ","","9"
"1897","2024-05-05","10000 ","","78"
"1898","2024-05-05","255000 ","","42"
"1899","2024-05-05","890000 ","","8"
"1900","2024-05-05","132000 ","","3"
"1901","2024-05-05","191500 ","","52"
"1902","2024-05-05","561000 ","","69"
"1903","2024-05-05","520000 ","","57"
"1904","2024-05-05","1353450 ","","93"
"1905","2024-05-05","9000 ","","34"
"1906","2024-05-06","3418400 ","","88"
"1907","2024-05-06","334000 ","","30"
"1908","2024-05-06","1044000 ","","53"
"1909","2024-05-06","271500 ","","7"
"1910","2024-05-06","120000 ","","57"
"1911","2024-05-06","231000 ","","50"
"1912","2024-05-06","235000 ","","50"
"1913","2024-05-06","947900 ","","62"
"1914","2024-05-06","1090000 ","","27"
"1915","2024-05-06","0 ","","100"
"1916","2024-05-06","977000 ","","98"
"1917","2024-05-06","1798500 ","","97"
"1918","2024-05-06","1026450 ","","71"
"1919","2024-05-06","766000 ","","54"
"1920","2024-05-06","160000 ","","64"
"1921","2024-05-07","163000 ","","2"
"1922","2024-05-07","1740150 ","","91"
"1923","2024-05-07","360000 ","","63"
"1924","2024-05-07","486150 ","","83"
"1925","2024-05-07","276000 ","","30"
"1926","2024-05-07","28000 ","","40"
"1927","2024-05-07","210000 ","","8"
"1928","2024-05-07","477650 ","","8"
"1929","2024-05-07","1299500 ","","17"
"1930","2024-05-07","224000 ","","63"
"1931","2024-05-07","335000 ","","5"
"1932","2024-05-07","23000 ","","36"
"1933","2024-05-07","1403000 ","","34"
"1934","2024-05-07","1137250 ","","12"
"1935","2024-05-07","511000 ","","18"
"1936","2024-05-07","412000 ","","56"
"1937","2024-05-08","1963200 ","","71"
"1938","2024-05-08","765750 ","","5"
"1939","2024-05-08","220000 ","","17"
"1940","2024-05-08","450000 ","","73"
"1941","2024-05-08","2650 ","","38"
"1942","2024-05-08","230450 ","","91"
"1943","2024-05-08","1565200 ","","71"
"1944","2024-05-08","500 ","","69"
"1945","2024-05-08","1508000 ","","4"
"1946","2024-05-08","195000 ","","15"
"1947","2024-05-08","220000 ","","62"
"1948","2024-05-08","371000 ","","83"
"1949","2024-05-08","342250 ","","9"
"1950","2024-05-08","124500 ","","21"
"1951","2024-05-08","405000 ","","88"
"1952","2024-05-08","844300 ","","57"
"1953","2024-05-08","159000 ","","37"
"1954","2024-05-08","1077000 ","","26"
"1955","2024-05-08","440000 ","","70"
"1956","2024-05-08","21000 ","","74"
"1957","2024-05-08","950000 ","","59"
"1958","2024-05-09","1040000 ","","39"
"1959","2024-05-09","471000 ","","85"
"1960","2024-05-09","145000 ","","59"
"1961","2024-05-09","379000 ","","49"
"1962","2024-05-09","348000 ","","98"
"1963","2024-05-09","919000 ","","55"
"1964","2024-05-09","8000 ","","88"
"1965","2024-05-09","730000 ","","94"
"1966","2024-05-09","45400 ","","44"
"1967","2024-05-09","274000 ","","25"
"1968","2024-05-09","591500 ","","47"
"1969","2024-05-09","92000 ","","26"
"1970","2024-05-09","140000 ","","80"
"1971","2024-05-10","712000 ","","54"
"1972","2024-05-10","656000 ","","39"
"1973","2024-05-10","250000 ","","91"
"1974","2024-05-10","140100 ","","2"
"1975","2024-05-10","466000 ","","71"
"1976","2024-05-10","445000 ","","87"
"1977","2024-05-10","70000 ","","43"
"1978","2024-05-10","212750 ","","56"
"1979","2024-05-10","40000 ","","63"
"1980","2024-05-10","1070000 ","","44"
"1981","2024-05-10","22000 ","","16"
"1982","2024-05-10","354500 ","","85"
"1983","2024-05-10","514000 ","","91"
"1984","2024-05-10","565500 ","","46"
"1985","2024-05-10","241000 ","","26"
"1986","2024-05-10","110000 ","","94"
"1987","2024-05-10","580000 ","","81"
"1988","2024-05-10","232000 ","","68"
"1989","2024-05-10","295000 ","","19"
"1990","2024-05-11","1124000 ","","61"
"1991","2024-05-11","230000 ","","21"
"1992","2024-05-11","1300000 ","","1"
"1993","2024-05-11","399000 ","","68"
"1994","2024-05-11","200000 ","","3"
"1995","2024-05-11","371000 ","","100"
"1996","2024-05-11","355000 ","","94"
"1997","2024-05-11","1028000 ","","3"
"1998","2024-05-11","399000 ","","17"
"1999","2024-05-11","1034000 ","","34"
"2000","2024-05-11","25000 ","","98"
"2001","2024-05-11","177150 ","","72"
"2002","2024-05-11","20000 ","","27"
"2003","2024-05-11","589000 ","","88"
"2004","2024-05-11","41000 ","","90"
"2005","2024-05-11","360000 ","","36"
"2006","2024-05-12","1984000 ","","88"
"2007","2024-05-12","55000 ","","90"
"2008","2024-05-12","245000 ","","51"
"2009","2024-05-12","750150 ","","79"
"2010","2024-05-12","1125600 ","","61"
"2011","2024-05-12","110000 ","","11"
"2012","2024-05-12","73000 ","","33"
"2013","2024-05-12","460000 ","","58"
"2014","2024-05-12","1292000 ","","69"
"2015","2024-05-12","205000 ","","33"
"2016","2024-05-12","2271000 ","","67"
"2017","2024-05-12","752000 ","","7"
"2018","2024-05-12","880000 ","","35"
"2019","2024-05-12","210000 ","","78"
"2020","2024-05-12","105000 ","","91"
"2021","2024-05-12","235000 ","","85"
"2022","2024-05-12","1596900 ","","90"
"2023","2024-05-13","491000 ","","1"
"2024","2024-05-13","10950 ","","62"
"2025","2024-05-13","187500 ","","42"
"2026","2024-05-13","910000 ","","32"
"2027","2024-05-13","680200 ","","7"
"2028","2024-05-13","4500 ","","90"
"2029","2024-05-13","431000 ","","47"
"2030","2024-05-13","465000 ","","17"
"2031","2024-05-13","430000 ","","89"
"2032","2024-05-13","4205000 ","","26"
"2033","2024-05-13","40000 ","","90"
"2034","2024-05-13","950000 ","","59"
"2035","2024-05-13","636500 ","","97"
"2036","2024-05-13","1809000 ","","10"
"2037","2024-05-13","365000 ","","77"
"2038","2024-05-13","97000 ","","83"
"2039","2024-05-13","120150 ","","15"
"2040","2024-05-13","950000 ","","53"
"2041","2024-05-13","0 ","","39"
"2042","2024-05-14","753150 ","","6"
"2043","2024-05-14","300000 ","","14"
"2044","2024-05-14","1513000 ","","75"
"2045","2024-05-14","542000 ","","46"
"2046","2024-05-14","325000 ","","57"
"2047","2024-05-14","671250 ","","75"
"2048","2024-05-14","30300 ","","36"
"2049","2024-05-14","1040000 ","","11"
"2050","2024-05-14","521900 ","","66"
"2051","2024-05-14","405750 ","","26"
"2052","2024-05-14","382600 ","","23"
"2053","2024-05-14","285000 ","","18"
"2054","2024-05-14","307000 ","","11"
"2055","2024-05-14","30000 ","","80"
"2056","2024-05-14","437700 ","","1"
"2057","2024-05-14","20000 ","","26"
"2058","2024-05-14","747000 ","","32"
"2059","2024-05-14","530300 ","","65"
"2060","2024-05-14","692100 ","","33"
"2061","2024-05-14","491000 ","","90"
"2062","2024-05-14","282250 ","","96"
"2063","2024-05-14","55000 ","","48"
"2064","2024-05-14","901000 ","","77"
"2065","2024-05-15","264000 ","","5"
"2066","2024-05-15","1051000 ","","46"
"2067","2024-05-15","600000 ","","28"
"2068","2024-05-15","108000 ","","41"
"2069","2024-05-15","30800 ","","89"
"2070","2024-05-15","710000 ","","22"
"2071","2024-05-15","41000 ","","61"
"2072","2024-05-15","178000 ","","25"
"2073","2024-05-15","906600 ","","3"
"2074","2024-05-15","531000 ","","54"
"2075","2024-05-15","730000 ","","30"
"2076","2024-05-15","174500 ","","58"
"2077","2024-05-15","237000 ","","54"
"2078","2024-05-15","125000 ","","68"
"2079","2024-05-15","602000 ","","22"
"2080","2024-05-15","224000 ","","40"
"2081","2024-05-16","52500 ","","30"
"2082","2024-05-16","1183000 ","","27"
"2083","2024-05-16","701000 ","","13"
"2084","2024-05-16","212200 ","","4"
"2085","2024-05-16","198000 ","","3"
"2086","2024-05-16","21000 ","","64"
"2087","2024-05-16","452000 ","","90"
"2088","2024-05-16","571000 ","","38"
"2089","2024-05-16","667500 ","","71"
"2090","2024-05-16","251500 ","","51"
"2091","2024-05-16","95000 ","","46"
"2092","2024-05-17","651500 ","","6"
"2093","2024-05-17","219000 ","","72"
"2094","2024-05-17","300000 ","","66"
"2095","2024-05-17","17000 ","","22"
"2096","2024-05-17","74000 ","","73"
"2097","2024-05-17","900000 ","","49"
"2098","2024-05-17","365450 ","","60"
"2099","2024-05-17","1010000 ","","98"
"2100","2024-05-17","538000 ","","85"
"2101","2024-05-17","164500 ","","21"
"2102","2024-05-17","185000 ","","47"
"2103","2024-05-17","558000 ","","50"
"2104","2024-05-17","484000 ","","96"
"2105","2024-05-17","465000 ","","32"
"2106","2024-05-17","660400 ","","69"
"2107","2024-05-17","30300 ","","13"
"2108","2024-05-17","15000 ","","36"
"2109","2024-05-18","34000 ","","19"
"2110","2024-05-18","293000 ","","18"
"2111","2024-05-18","420000 ","","22"
"2112","2024-05-18","488000 ","","44"
"2113","2024-05-18","336300 ","","95"
"2114","2024-05-18","770000 ","","78"
"2115","2024-05-18","1113000 ","","99"
"2116","2024-05-18","364750 ","","75"
"2117","2024-05-18","312150 ","","26"
"2118","2024-05-18","1244000 ","","70"
"2119","2024-05-18","460000 ","","87"
"2120","2024-05-18","77000 ","","37"
"2121","2024-05-18","269000 ","","100"
"2122","2024-05-18","168000 ","","77"
"2123","2024-05-18","163000 ","","80"
"2124","2024-05-18","401500 ","","43"
"2125","2024-05-18","53000 ","","10"
"2126","2024-05-18","1221000 ","","64"
"2127","2024-05-18","1263000 ","","63"
"2128","2024-05-19","0 ","","1"
"2129","2024-05-19","239000 ","","99"
"2130","2024-05-19","103000 ","","73"
"2131","2024-05-19","385000 ","","68"
"2132","2024-05-19","200000 ","","90"
"2133","2024-05-19","555600 ","","72"
"2134","2024-05-19","300000 ","","32"
"2135","2024-05-19","250000 ","","45"
"2136","2024-05-19","105500 ","","17"
"2137","2024-05-19","2164000 ","","6"
"2138","2024-05-19","2200000 ","","72"
"2139","2024-05-19","500200 ","","33"
"2140","2024-05-19","350300 ","","62"
"2141","2024-05-20","26900 ","","68"
"2142","2024-05-20","430000 ","","47"
"2143","2024-05-20","521000 ","","44"
"2144","2024-05-20","1303000 ","","21"
"2145","2024-05-20","425000 ","","48"
"2146","2024-05-20","511500 ","","9"
"2147","2024-05-20","774000 ","","21"
"2148","2024-05-20","253000 ","","21"
"2149","2024-05-20","137500 ","","85"
"2150","2024-05-20","303000 ","","20"
"2151","2024-05-20","304000 ","","23"
"2152","2024-05-20","400000 ","","99"
"2153","2024-05-20","81000 ","","28"
"2154","2024-05-20","667000 ","","33"
"2155","2024-05-20","455000 ","","53"
"2156","2024-05-20","493400 ","","57"
"2157","2024-05-20","24000 ","","90"
